ID,transcription
AUDIO-2021-07-25-22-27-33,0
AUDIO-2021-07-25-22-31-47,0
AUDIO-2021-07-25-22-02-30,0
AUDIO-2021-07-25-22-20-56,0
AUDIO-2021-07-24-22-16-33,0
AUDIO-2021-07-24-22-40-13,0
AUDIO-2021-07-24-22-50-15,0
AUDIO-2021-07-25-22-25-52,0
AUDIO-2021-07-25-22-32-28,0
AUDIO-2021-07-25-21-59-19,0
AUDIO-2021-07-25-00-29-34,0
AUDIO-2021-07-24-23-38-45,0
AUDIO-2021-07-24-22-44-41,0
AUDIO-2021-07-25-22-03-04,0
AUDIO-2021-07-25-20-12-28,0
AUDIO-2021-07-25-22-23-38,0
AUDIO-2021-07-21-01-20-31,0
AUDIO-2021-07-21-01-46-07,0
AUDIO-2021-07-24-23-37-58,0
AUDIO-2021-07-25-00-29-56,0
AUDIO-2021-07-24-23-28-19,0
AUDIO-2021-07-25-20-12-20,0
AUDIO-2021-07-25-22-22-52,0
AUDIO-2021-07-21-01-56-55,0
AUDIO-2021-07-24-23-24-44,0
AUDIO-2021-07-25-22-36-34,0
AUDIO-2021-07-21-01-48-38,0
AUDIO-2021-07-25-22-27-08,0
AUDIO-2021-07-25-22-27-08,0
AUDIO-2021-07-21-01-17-30,0
AUDIO-2021-07-21-01-54-56,0
AUDIO-2021-07-25-22-38-35,0
AUDIO-2021-07-21-01-53-11,0
AUDIO-2021-07-24-22-21-29,0
AUDIO-2021-07-25-22-32-57,0
AUDIO-2021-07-21-01-41-53,0
AUDIO-2021-07-24-22-51-47,0
00416cff4f818d3dfd99c9178ff0e268e7575500c8baa51010a25cb04200f627d9240d59acd0874942837dfeb8e6648eb4955de590add133f0f732b1b3f535cb,0
00891ba561e80e135f9d12b9fa1347f0a2560998f7ea161966991ca23357c808637a8bf26b2aa360b23e3ddf5b5bfdfd1ce205fbc18313f70352bb680d6ad477,0
00a508027ed4edf0bd3db79f45f4ed6e1b89fba6482c106a4909964d73d8ae2d4620277e68be71065352fdfaf62d4ae87b7a7dff595859e8b286e33fd94db939,0
00ac13cd0d93e35c1ff672cc106ad94d1ea9b93fcf049ab5bf01fbf8969f3ca9479d4c12d5c95d3e5901c7b84f42c3ec7764c9f96f959ca0e5118e018dd7ca2c,0
01337d7daaf50c9a53b783f4cd6704b5a152dd5d299899d7ad1cd0db04cf27a870ce8583eaf324c58f0052d231467390d42dcf6681eb85b77db82f991e28813e,0
016a99acf910b17ae7e2780ae71884c71dea8eeb1d4a511e24e6dcf168045ebba64c41922de46f26e13f17a420fc93e7a08842cd5405eabf18f5d1e943e91e75,0
01eb602b69c303a54315a272c3544daba1eb3a3341b1ec3b2df0cd4b62c9140a40ee9827074901835191c1776fc188c2d66d6241c228fa7d656d7325e2a8bf5e,0
0235405604f73d5ba9500dc44c293e6ebcb7575f830c471b5d07028ecfc4f2bf968ea1a2bbcc7b656a6f1cebb3e10eccda6bf344c206a0264dd73dc5e0dee937,0
0266e6e8f354f4a241b744a64a226d24b90aeef8160ec86c9b32d2bb71da51d34b2f86e1154b8d0af1f1aa54378f3da8b229707e25b38312d75bd440f09a9250,0
027d12b2a3bd049c026d2103b849de47076a785f76c174fe3787dbae022d5444d5c6117da028d462c5c73192f81df572792ffa26c6c266154df25be439875290,0
02dfa80a46f2b84d1dc72bf4280be16b0649357e40ba44510401b0ca0b2865bd7eb7c8e2549daa0c1c741b00e50590b0be1e30355f5a36e1bea75ceea5290000,0
035c7dade719eddd502491a20c7a5afffd0f6694c9bf7e24847b8e5f138845f28e9e479b804e65d3cfca66d8c43ec9202ff2e6fb041485786df8d18fb4dcd69a,0
03832080316802cd495f80eebd66332f5ce881ff06349e9896557c8b01aa085eb22cf22f198eed2589799437039cb0e78030baf8338afb3f06616f880a85055d,0
041fdc78baea3b1e456ff5ea292771d8b2b2595b8792525d486f6ac0a3d928dfd68e959d4dd6ee5761246542854cf544c2a83be539336dae655d5c9a54fc43fd,0
0508d8626e165499577b5efdc3dc1abefe94a843d67243e7e4e1c6dc04a918c70745742a10123d5891630a035c915077cfc9f15bde7a62a211db6ada35b72aeb,0
05d45d7a85b853bcc058ecaa27bf8d8c70251388f9301b283db8f2c35f0568d0ea0fd14a7310f17e663cd5d6a046c9e4642bd511eb88149f095d4c021c805b67,0
066b5185ce7b372c3cf32ab7f78d9664aa196e7e033dcf0a0813a79918a16d7ab62895795368ef541ae3695bd0215ba8b935be64f0783fd9e74751a9c17b6e2a,0
06828a4a9834c5c7fa4b64287cba29bac9626d6a4dcbc6657c6e5bcac8ccaf59049ad9365a621821f6975cf07d1b8dd63ee3772c87f8af18e9fdbe4a52871f1e,0
0691eb8e910588b214e4ddfa23657c5ad70d7b5ab50a829c5443502289e2a3b763a08f7e23843296a5749b3baf2b8fea7ab333fa795bd37ad2f61eee4824eb38,0
07e2b8971440155982a1a8e324eb32dff8d1c88ddbdb234bed066b9220c0615628a98a10273caef24226ceea2822999d91b7da1fb1a1b37779bf1ff6b18dea43,0
080f27f737dc1e7fbabd5860483c0fa34f097dea7c5c77a8351f74f95416ad61e66fe558a5aecbb011dadbc61d635dea0468f0f08c33fc81b8ad772045128db6,0
083282db531f8d3df5feb23fcaeed1ce6157216f3f3bc322db8f3e9f1efbfa00018bd4e51456299421142a4f0fda3f8abefdb9c392147a30c5c8cfab70bfa399,0
08f909c7244b939d6d96c0f7e5c49237b754503302f3cad40173ff22a8c8c0279ac6e5f9baf963017481f7b7d280744df04f7feef20a0c9d0d1f118b6c454eea,0
09555ded04d7201d539b3dae7d571fcfbdb44250456affab87ac346042c969e3d9101f4b5d83f0951d3f166103f54851dfb1bf9b7bd1f1ba893f888d0866a241,0
0a13c61a2160f99af4889599d132a7cc19dc145dfeb36f992a54369f3cfc8a1019470d68f6b336afac75fd360d4b132cc1c783571351ef1b604bd40e9c3c36e7,0
0ab23ae42f53711f1ffea30363152af534c101dec0d87d68a2cf80d155359e3a72e462cc914aa039f6b4343cb93ff87e46960ee5b59aa9c8f986b47657ca3ff8,0
0afa28a6a29b1d4715d12ef0a204cf233155da8a6c5daddabe07a12e8e5554c29061f9b9999352f6cf46d9867c216e2ed9b1952fce625ae14d6814692f7c2237,0
0b334b867a38767252514e1dc3187bfd753a89eb37174fbb5733f995d28086cf70d16ba4b93452b80dfdfacbeb32f3e8f0a05781b9ff532b649d4161ab2a663c,0
0b80b3c894298a4a903b460f2132354bbe25855171c7d2afbbcb5fd35664c23a982d1826a5e2f7ff4c5acd76588debf192459fc6e70cc80185467a0fe850ef32,0
0bab18d3cf1608369c23eb701095855e8dda77e106217152de42f73912acab16dc52b41170c62a332ba13cef507295e0bb2302473c9608866eeec25acb229200,0
0bab4fca1cd00c469dc7bf78eddc7b9dc4a5dc94661408c3e5ecc7752c7de0b9413cd4e5784ebfb74d75d0492dc22c3571ed71537a061307b4b326b3009eac13,0
0bbd37cb94562f0ea7afecf0e694a8b1ff009e75d90f74007c943b6703c6c2abd95c7fc49d47189a5fe98cdae763e563b7856d6e44f72db3ee82df49d9045244,0
0bf4902cbd1938848e9219b1560e2b5e9d7fc7a5f91b52d327930b02f09447b1c6ad594716d0aaa961ca86edaabe1dfe0d9d3044a3c18a5c7d9ba2ab5138e98a,0
0c0b3ab0857374a5558138b0936e944d39c9bd678d434a342ecd66ecef40fbf1a4edaa46f9fbe2a86d400ae8f2709b01df8785c7df9eee9c04528fd84dc92a8a,0
0cc30ebb8b735e296f882527b7c96028f1566d615cff34eff127294db54d3eaaf7e251d993afb6c3da386b85257d607299e5ae5f2a81ab0b8d824587b2d9ddff,0
0d02a42a3d836999ac05dbc7f92842411828dc53629867803511ef31a42a7a967e8e16d4efee3f0fcf8cb16aee6084d7f888a646b5470336ef105ddeb651fc42,0
0d297110f6e7fe2296f2b0031d4ae9b377f2d100972567da9d094bc24c74e231570998a8cd390a1dd22ff81b1889983481ed7cdf23851fec781d1d27e91552d9,0
0da4f785d684e43d13ec22e352b8169d82d026d9cc8d05e2fd28ea9a24b50130a294a6b4d17ef602494415cc16665c476046a52c086ab6f4d646425257da9b6a,0
0dbc39e1e1c4ebc61fa607e2650b7143e38588548bba0d66f899d4b25ba485156b7255d47caf8d02f5dbf12deaa800216baf4d90b6995bba5f76d3ae6099947e,0
0dfe414527e3756ec2063442fe1813ec00190ce2151786af466c0d8d1f2a51cf293b7d06664b03aa5ee1dce5938933188af909b88363164dd10fdbf29fd11ecb,0
0e08faea4f26f5c209d7c446ffb0b77bb8876cf41b9e7430618a8f79c30489f807bf676c82ea28300d1c67c6bde80067cf80335e601b2fd346c961d8c5db5539,0
0e90d953a333ee5b41bfe5e5fc0e7b5fae5bc2d36ca02e7208fe27e4937d9bd42c88ec76374b5fabee293365ddec3d2181b85d8f27fd61ceb396e42b98992ed7,0
0f057360ed04087f14ce9dea5edb5228db0bad9aca3b7cf9d01ad1af2e002242ee7e711ff2fbef82ef94ec5e2c7286b686829f347f46808d52c69da3bdccc390,0
0f2458121e4b1b08c375cbb9795b172212094cc9a29ef8fccb7a2ea8ec669cffc08a7b6579acbee5ccd8d58d64e43c41e69141a5a14b231e01c53abedeeefa99,0
0f5941eab760a532a0126e1e9fe616702533c550b797861952fe9edbc8c2b84dd80ad0a78706d8d42e1e4431466fdf71a1aeb9f7a348e61de15da9cdc6faa3c1,0
0fa5c1422d85ccf2b3ba9438e97c1e9a0dda9b54eff346aba9972407c92e91803d0b8c6b431d9030f07c6c7607c11f45b3683e4366faafa6c454f3d7ef04dfd3,0
10c19c196c5f951d820052a8ba5b483ffe08c633a286cf12970716b430480c1420b25f3abb53f2b03adc1d31146cb63944b3ea4ea522981ea3f827951373ec6b,0
11029f13896ac511ed94db03bca3f696b37eab753e271bb490cc59862f6c79621be6d148b7efc1e55f4ac741c92f0686611807a3aee0be28deddc5c05215a3b5,0
114b7387d2b886a6b9516fa31d9654b983c19a310b6c408872c8ca9396525375e65b811c2602d82a87313a2b91a3b59e0849203d86f3b8c86516f2db5fa4c93a,0
11a5d56755050d1fcfbf447330f2caa372bfe778bdfc52a7e17c1a190b7fa785f5b44c324cc30ee83c81e25392c3633f583868c40a35e3c136ca262f3a6277f5,0
11c6fcab539448d90b8888f3e367965b51f7ec447839d71edcc77d42799ee79e570d1a569ee13bbfca147e5fdc6c571acd858869b16c19baafe8820eba64273b,0
1219b06ea8eeca6b5fa3ca97bfb4c0f6ad55110822e7dd0689b6b7035ade07e1af7b87a420d2ac594893c099d57c0bcad92b16c8baab1b33a13655d1d0586059,0
129a3e79bf1fe0556cc03928ef5674d74cbeb30c0e739d0a378307f03f3198a6f2ccad75bff36ef4c3f0cbefa3bdd509637a9db4887fb7109ea9533b2dd2783d,0
12cf57d57586c04ce3c368e2d054bbe7fc719dbde8800af5c404a18d3aea104ea44c9e89cf8b963b3cc68d60cadb44e8a90bfad3876d3d2d99527d6f2ecc34db,0
1302cdab866cc3ffcad5f76f3a38c7ca3130a77b097115082388657fe57d2262f91d40a24aa78bf6921fd49e445696d841f00e5f5685f1d0d8c9e85c921d2789,0
13260fd16e53dc3a69d6cbcaf71dcd08e0c04c3e2c48e3bc5dcd3487c4160917bd8ff42d0df5656806bffd27b16bc394e323c2af0bcf5379b20614a75671d79d,0
134fd3989d1e09284cfc9e03d77ca098b32b3ca403ce5f417ca56a7fea1447cf7ac4321a55c5a73bc839cd8df38e2cbf19fd17759e74078d1c1394c7e0e1e750,0
13dcc09ffc954cfb7832cabe2e1722bf809371d35e065b43632a01576fd2a7e2a11a50bc7d292285bab20154865e8bec0cdc3a33fbf0ffd849a836cc26481072,0
13ea3a1d9799e045b78514d8bd8c9270a4dafddab380e62239be7b02da745cb39b9378637703fde2baa9e42820a2ebaf5997dc99a444aa23c8b3230d0cdb5802,0
13f33e42801b38de4319328dee8130d6858e806e42a3a3bc282a0bcf4c9160e835e4319ce63f53f2a52f673b7dccf8c8b1c546230b1c77edbaf3cafd7d9d98d0,0
14100b97f1f5776289483ba0f73fa26db36c11aa3651684e484644dcfcaecab9a8fb4e14060e3cb43cb700c1d1e460e9a053a153df06e0f254fe83ff6126fa09,0
147f6d96bfdb2d5e60314664d4368e0a8b7e8322f4dc31bdabb86935fc7b080094abd3c0d489b7fe61128021b0830375bbaca14c963580d81e4ac21adbddcce1,0
15946316f6e6ae9fb4a16b92d1c65829186a017e2d4b8237627a866e09d53046fc9d1a2e20c2741eea0ecad1fc29a8d26b213012e45190aa5b7e1b6ecd76f063,0
16407ce8b472e46e8b1fdbb2ea7a837e27d2b6b4ace7ff8ff5b5e2fbca4b70a536b1cf7123f4a8c1741030b31711fa966edd72f5c696259475298894a4c831d9,0
1653a2cf93b3794fcef64b69659d9ad88679a09ff0a6c6fac0539955ac364339754b1ee1da3a4555ae28f2442e31b0ee844b112106577c5f693ad44f0d28af80,0
165c8fda1ac33384846bb5701f40625e495206452f28c9d55988e2164f38c23d6c44caf04fc55a6dfda4ec2e2b70330e3c38a8557b938380301c9d7253f8c697,0
176f0f3b23c12be39c786a3cefd0173aff9569f5018774795ed94e9c2669fe2dc173a6239c6c8869765279a1e479d5293fe033265026995f363c7a74ba10ea7d,0
17a9ee3ad58ccb42e99c2cddba29c1b92dc8363e5d3e2bc1e99a1e5b56d3a00b6c9f9f140ca41b8308b8d5352e1d902a22d59bc6f0e064515becd5f11a6d235b,0
17cd319bdf72329cf18a2cb66af373718261a412c2ba06def5c9f38e2e54d8f45314ec605f4ddf5fd80f4e15e1843c54cda160d037851f18f90e8e2f0b921c73,0
18da11fdce62875473c6b4e37383b5d9a7ab6b773d57e1536e7347eda0122cd2448bba0014b701cd3962a10005d51d06346a8ca1e76eaab66935f69ed7cd163a,0
18e2e4eb2e3f87fac24f097783a78694416998f116c292ccd92e6af17a860cf1a1bb6446cf010777cc9cbf75c5f8cb9e5ca2a775f79e59ba84dfd5f50d54c155,0
18e870e6e696609618117bf805edb022dd738fe84fc2aa4aafb827de7e2ef24e2466dda8226ef7568a21baa0895068b0bf96c216507100acbe0ba38f27aa83b8,0
19279f07f0381c12c711b71827f9eb4602bc3806047e3795dedb9a9d6e9c0953678f9cd917b0b1f94bb9ba4e314c7f871048d261b23448e840b620e6a2405571,0
19c16fd8356b7251d7e73afbf858f7f7f39bf401553323ea67f66dde31f7ed0adbffad060e18c371e3295243bfcc789e4aeaf104499de3eed55b4bc2e9f72d46,0
1a2b20d73a0f187dae1f8a07db8401c7012ebfe78519b1ea91b625278f0077cd5a4e4544b70ec46bd7c6d796767d82da7a9edad09a024dda741e52647f65d47b,0
1ac2d42f88cdde8142410e6b6abfbeff5c91304fecb490bd421ade6df1245e5c8ce41ece48ca5ae5077c34e03021ae9eb1fda9c185f3eb6bcb9f7cf066b80952,0
1b085b689983d805ebb0b2bbe781d002a0ed477460aaf8117e9294c6dae87c720a1dbd8028e3dcb68016f867a9cf2088af4a5120f5c25d2c52cd253edaf1b985,0
1b32aefe29060f0283958c2ee8559cd5ee7d657889e05bfee66f5f550f2a9ed23f4eeaa7f787012bfafbd0a6993bacf482417fb33936d74c5b7e4178c01f6a16,0
1b34f101f695877e01a2867748208eb4a8c06f9d1ebb8d71d48970e745d66ae6086d70d08a37dbf4232ec583c0d45fdbba7a92d8d2fe8ae57cb4d5841abd26b7,0
1bea17a7d245b6d56d51f8c5da03278ca82bd807705fbe868a7a8828f9a4fe2397dae1354a8f5922a46b072b6b67a590f4097d2c47966e13cd5aa84a916b44a6,0
1c395906865888254080b3dfc1f6c554be24eca4bbea4beb6205ab33d023a46e25d49661e0b37a9fc577ba2651f7a2509e9002a3ccf48104bf230ed6e81d48a2,0
1c566fb4e247e40a72ef8fea617a16efcd44b27a49281b1c7ce33689035e34b057f760330b1f168fce8da522989fe216290fa33093c0230ff300c7fc250ccf06,0
1c785358b1eaf662b53488784489dc17e5524a4b2f7ae1ea5887a6a6b31dcf66d2512ef6272eda7fb049159a6cb07f0665a8d887ebda4365b929bb5d3bf483d8,0
1ca031267ffa7dd01ace7f2ebe8ec21c9324927381a5eeecf5d1f6d79e70553a14ba5a4a763b16c6c33c05ec7987051109c8d65f1c08eb9d2fd7692fbe6e3da7,0
1cb6795caebb29dfab0edf64653e5e731d1ff927994d7ba03c1f88c9201977be68db6a199913cdf18c545625d8b44393912ceda1d992e2e53f2c5e5311994850,0
1cd7fc7aed018d2b7a7bb6700fc3832a561502a3e934a088418f72fd52ad346c0eccdaeeef55619eb6f19c89311442c45846bb976021c8095e7433b0dae15ddd,0
1cedf7c8c092b42a5bc89395d37b96c546114e78d5c9c196364f0be6e90e73451ffb03aadcc3222c93fea37b1650ab35e1018feb2b8ac386c14ebc36b4587cef,0
1d5b47b09babb2c0752e0db5f611dfc6011c56066cf46a7213a7477a6da78c8e950e82e9f7909a9c09f8b37faa2736d07d34275fee94aeb7b68613be82574d9d,0
1d8a17b35d0fc4aea2cf30e22b8fe4c17c5b65b78eea52c2b889a674d62cf6da9a94569f59d6ffbed48421e0343d8bbdee4f59373c4433a04e55432973fb54a9,0
1d8e7a9aee1e9047fb7c56f2bcec6e842f8d45a5a66ebf4bc2cf336cab1385e918fe05036adf19f75b1ad748a19226ff693523826faa2eed121382aec453f092,0
1e146e376ad3897e8d6caa8d4dc2464c64cdead97cad2ba2e7f10b5eb5bd2f3c22c7fd5a76649f9249d2179a286c2fdcdbd990917f05e34ae43892c641fa9a43,0
1e7bdc242f3238d5f5a2595cefc7f748f77a8cd201b5a7f0a88f8e61005654d9288fd01751b8a0a3d2553ed7e0c961aeca6d8b6d50516f46355e1b0e75826ec0,0
1e83880130ecd1fa3747d3ab6383a8f9143c3e4402b7b5c7995110e843bb768d243a8d0b181cdfd23efdd9ff6e996bf937bab500c9fb34a856e76a0a1cebdbef,0
1eb9dcf753a3e61f88e0d8602b728001faa9094efe6171ce11cd5d972059576859ffd17191c0d283a2633f039d02b4cfb9b75ae9cffec49cd85c897ddc245a8d,0
1ec08c6c1c08bf9231b3f9a212c80c9c18ebc16e1d2e4a95640dc9f995f6180930542bf22d11fe4160d28a14d2a97498dd622f4cca689ef20b587ffcd832bed9,0
1fedbdfe59672ec9100b2508b9b9c1f7e2e2f594d5b6774cab41588c749125bdc7d90aea4d093a66b6070c4020cd434d3e6ce6f118c904ccb173887714cb6896,0
20d1c3702b9959dea324975c5cc5fbb3ef8db0899af3bada982d4c705d1369551d540ad8614542f80962dbe1b9d9b6d253a27e166a1986209c72e64cfbaab2c5,0
21648b12e8c6743c3c42d760d3dfef639381a3f4c9c2c5edac5f4480041ff9393f6d88e4e13d27a9d6ae317ec5f0ec0bb4a930ed12c6464af9ae752f34655188,0
223423728de316f4fcb16c304c1eb12d3d4a6e3ce2ce15bd4549960f839b3da933eec16423f5b99aaa2094f05d62b85e9fa4bf963af7de0e2b1f92a0ca296c29,0
2272643080b768a222b7510f52a61b743af04b3dbd78d75186969526cda73cbfdd229697f28528231dc2bd94699f449f83ffc3a507e01d7ac3dea6afffc69dd5,0
22d1b630425bb96dec90bacb53abeacd4731e88fc446241c32aa65f530e4e813c94fa5df0bdcc501693bae7812c88fcdc9faa3f4527e77dcb1f94261dcb38450,0
23dd5afb8fa59cbad6cf1cfb95dbfd145c32ab9398162c8003a7e8701c45b64b99f77613e9a99b0dc65315216b14b91d9926b17f1c47cd0ae8bf16fef311684f,0
245c9a9b18f383017d96cd501168134e27a5ae39f5341b995b7e429a3877bfad76f1f30dc0530b0d97ee88503347764bf3e2bb03c4bfe27afc7447ed6ab7c33c,0
24fb0785be6b2ebcb09766bc183f8c91b3aac158434db3a8bc866a29ae9767bfab441aeb9a5d660eae38cdb660c28cd4de68412926d383d258e091ff85d3a577,0
25d9f060eae5a3757d6671e632f037678d547443bb303da7091c4e09b95466d046cb042fc440fc0ea14e2e4ec25424b64ba07b694f2241c4985f5c17bf1209ea,0
260a7a0d0c0017568f8fdaf72918ac09f8a30ff325525aa69f422f7ee5b19fbf26f64c3cbcc992498f622dcdce40a46730e2b003c2e56d981d92fe576e0d9cce,0
262f8a5e3eacddd5ce53888b1b65cee5ad0f4296f7a3d306a773a5082fd5335eace8440ef472473e44dad1259fda90d2dcb981b5283b798cb6569d5928bb0651,0
26bbab10cae30e7741ac5412f0a4441ee11cdcfdf1a7b0de7072044c29d3475479bd27f79d902971c2b9ee19f7f8f5266d4fb45d65cc5a70ee3361552bc843e5,0
26df485f146105aa28580634edf83688d319e4a2e74a85f87c7293d8f3a685d9d537ddbabe8c7a957d556ecdc41ed578ce1e54257a85d60e48f08c4e8e6f1c1a,0
26ef2adf501b2f88043a69ff1f7b39e6643e6c95e9d2bf98d03dbf18d6285a1162a55515b4b025cec9e564d7c9089438283d0750a9c9896b0fa019e5dea005f7,0
26f46595143102c1d43d42065cf6340867624783c3c2c887d991c8ba8a680d165a9870a822c0fadf900a9657670da8f36dc2a9f3b843d7cf116dbfe8c76ee938,0
2725462e37cda657e538a76d9cbb8930415618b806903b639a4c2650569e8500a36ea633fa7f6c4eef1b500b6ee2a4885eb9589cad64216486c6f39600d740b3,0
272edbf721ad5ac39d5d3ba32ae09d415a2d1c83940788af12a45c7f5e1796dbde6932924f34534c0a0888163cf377393c274093c44d0ebdb1ae8dd6f4d80c71,0
27ad4fe734b1e87bc4fc3e451da9c1d943c814949e74dc8bbd3b98d4dd1d2e09119caa5a1da7c44fd3dec9addcd25b7015b5c1ce1ceff816de84962cad7bef91,0
2807fc5902caffdc9e7d16c236022b7135ec71087c675288017d2ddd124024cb9276435c81b1a86b924f5b2749ce7536feb01e4f66e5ecbc0c3e94f5e0908521,0
285d389c284200e6e4252ddb6d09888d9ded9a6871d631a597d959c8faadf17a6dd3171fa87a4dd12142ce75383d69916ab82e42341ca150a07274bc22c9a6ad,0
285f4e44b405ab353f1ea2b10258db049701f08c3001b49046953bdc8f4dbf757f68b4853a6535e428b86f9887ae4a3a7374d2b845ebba5f6838c1f1dbabb50a,0
28d72e03ea7519342d92d8e754b1b9a9f8746297513e86a3c15b8b29b6741629993fe6e07dac3c21ff347e25cf87530eb5e51808454208f279ab8f7abb3ac75c,0
290773a9af639f1de46eebf8d16c515587dd91090f234debb6ddb204ca9632933931b33d4c27bb52909dc2c59a2bdd9221229a924d101d7c62db17010c16621a,0
29bfcc79a0e9f914f274231566de4638fd2399772f3c7cae5a87a0faa142997e7d92bde7342ba36cf05ed735ac069b4b48d87258f3abb4aa05fc895ffd8151df,0
29d9757e60d7dcbd7ae7f36e3c9a8ea9fbebbfdfefbb33ca58ab042086a9f94bbed1403e1c18eb2c6ff1153271b1db7d058820e5418d75ccb2d52bf2c19493f0,0
2a3fc52d23a78af589600b826ffa7ca29f4651baee52c2ff4b55f01b6f390e9b17ed270b0f4556bf2282a307d74fe7001b895e1734f6c3562b4cc22f47135893,0
2a4045966f4d0e7f65bb0181a3e145c57328998a158e35946030c3577751d2462457da1a7495701fc7c35e229f5a7d4334a679cd27a346e013ae1a38763964a5,0
2abf0eaaaa82cabd325b8a3a8c1cc8501c3054f36bc149d1b51c3ed4a749e3b93135abc5fe1e80dd143c93c4b7a8819685610f1ff9d89bc872f435461267581b,0
2ac31a7dba6d9b863380933a343f24350ef2456e90b480aeb22f157cb63b4decaa2d77a31de60c5edea04f653d1d92543c80c22557788189610506134e375df6,0
2acbe829e3cd0c9c9a55ec4fc163ff8e8314e3e0b9df447ed6655b86cfa23f926ace1199a4e84b66462bef4b369e21d98b1c47fd027f0bfd47931b32cb3b676c,0
2ae43fe945ef663874797b8eb2e63464dcb308f5b46a601416dd409083f7950a5ee12d360c62ff83d5cf33de0f7ffc8e95c06385a080a7b4ce98b9c204cb53e0,0
2b88e6e538d68ec5280d516a293f34a502b56c9b318b844c72133e484bbdf058cfc40594959931e19a95e997063c2c30cef6f4a285b237d260a833edf5ab38f1,0
2bc1df9919172631fe3c44720c48dec2f5bb92fdd3cb56f4aab69f262ce0a43539ae1fde114edb7ac1cdfae4c2a3c7e98ac1ff09a7ed780c39ce91353e8cd306,0
2bc6442e9fd81c20a719006840d94e6852e3801529e7df85fce8bb4341a9415e1c754a01b89bb186c029968b907dc380d2aa80bfca36695e0790677291882519,0
2bda75da5c7bbdbf7e4cca2e0e6545be0bdd796c9aa440825fb53fd017edc4066d61908c266a94e5379cadbe6bb346f2330551eb25ca8ae42b4730a3e53a794a,0
2c47a4b26eab66e3d5fd4277653bdc13972a472c744de143779ba11a89578d59b667e83ef69881451bcf257db5f7051e98467f333fbaca0f317a1e4359818331,0
2c5e8e040af2fa7be43d584fa524cb21bc4a38494797e268e7096faef0f7662da568c38e883c5c4677bc528d07436ae2880dc0a1aaaab4bf1f78b3782380980c,0
2cd8e907a526aca2e0e89b2755ec5f35e510a08db9378c6bed31fcbf28040b47eed018ae5156ea2040ef3f0156009d03f2030ab797a258ad32f1bf346e6aa7c8,0
2d3f8e9dad2c34c504aaa55f2dccfa8f0134ff24027e4d3f2b90657c463e603d65870f70e09912334da6409d64d0d3e40f82f7a7f2be27bbfbca2cacce144b86,0
2d8206198f8dd277c7a77102b7f38e8396f2a16d83bc341f2a232ff943032164205b1642f204ad05fd8bb9b4e817aa1e2562aa69356d6aa537f384f16d26ba52,0
2e2078b53babacd64c64a43c62159acfc97fe2a7a5a573aa78478574c14e5cffb0db37cccc7030ccfc946828e29da60235034c3a554b6cdffb54fbeb761b1d2a,0
2ec4e55137fd338de0652be487050d1327c5a514acb3aa9e03a266895d739240c66ebbefdfc36ffd0a4a4d1bd5a28baaecf67afc0cf01d50cb5ed03f03755480,0
2f79f9c1caa13db66aeb37d74a5ca963865c3c0f55a2b3a299763d6485b427f7abb156b0cc620147fcf6da0eaa1137ec41de776becfc6e5f928375d75c052635,0
2fbb6240231e4c757302372ba0446e2c6ce1b29c16f0bf8ca3fbd58f4baaa50797a455e5a90d01ef791563d3cc5c5cc74ec58a24077cdfcbf2bb8146915ce0ea,0
2fbfa4d31eb592ea505fb73f008c37cfe82061a7555c27abfcf23a7b6b17db438b2dde8bbe073d2dcb84b582b38f682df538bfbdbb570ca9331c917e74f505c3,0
2fe296189e952641c7ff395e592e4658d0f0d7f54de6b14dd340c3f1dd0fb183d1979c10dd43633aec29ea79083126a61693abfd4d5f1817ce7cf929826cd82f,0
3011bdd31606a5dc25e571843b5bf65388e0e9b40b714a01a06acaa8ca746b476e56874146c80cf01f0e81ebb34d8248036fe2237c0662ed2fff5ff7e4ec9c9f,0
310aed8af8aa2aaf552d2d5618bd95c3dbcee09f88e0471705f3c7975db7c45bb26d23452f8fb05e1742f63a924514ad74e6b40ab0339b0f3c20489e0f12cd91,0
317898c0849c6fc613b6c28dc12cb0a4937e681c9e6aefb3fba3085146a29d7305dd3b591dc63ae2a25d66a2dd3e71adc38713a43096c426b3cd4edcd60cbd96,0
31cff25cdf96e283c8bd70a252400ede1be9735e857990a0c91b0d3a187cd460c023bdffabf320f7b339aa08d50d7faf8bcf40a85e8c7b664cea66518ce14ec3,0
31e859aa5a7febbe36d0382db9b08a1261abb60076d3ba02ecf21f2c0b4a8899f8e24264e3a15698954bf1ebb9ed6b692f1d1e4feaae87eb54195d74af3a6776,0
31eaeda79fa901242150b89abb318bb6b1d6cbad9f83c5161fdda3259f904cc65bbfa14fcea57c5b79c41b0afd1c1a29f0b02e9cb1fa46d1ba42eba7bfd5a7d8,0
322a9f9bb49b4eb32ab18619c4bb86f84d0fad54af68db213875664e0f681c1fc417f1e8c21dc346bd70f56922ae4fcc81b01d1f28a37f54fd7fa77255876350,0
32a997189bf4bc1c775b5666ca812cc32dab13f7fa5436474d5dca71e6840e613471c26484969704973c4e2cf8fa9d22f254f6cb90c57b48deed6cb30d82b042,0
32c51bdaf6d43740eb04bdc2c173d464fe213f40ff5c56527c8a5ff047e9a9485662e5efa6c3143c91e2d27c6cbe0ede9b081f4882536ed9a90740fc4efc3fba,0
32ce07e7358edf2bc868e7bfb86c6888541f90386c088745a109ce503fdfe7bc31973ef81e89f7fce45cf4240a73b1fe20cb3de4c06e576729e20982694572a7,0
32dc6edd82e8b09b2599c3439af13339de8db46838c9d62bc73ba6ae75ca9a3c80faa34fda36f65b3216e20ea2751edc9e9d91ef04860a5ae73a3acf05ddd856,0
335f309160698e364ec35bbf20da6d586a726a7119e5636c7a07d801c4cfc3a29217f7f371fe6c805b9ecae02508246d355aafec8398c136ba1507ed42489dba,0
336d5e08a8dbc7d2df59e32998d5f2117bb15800394047b60b4551ad5dbeabb853013e21a21d53322d9d2df1dbd1d6f2432f333c02e1973370f0af21fd00b1b7,0
337db3598664656974295eb5d0881023272ef6115b960141a18c1d80a82e7c8116917d60170bb1be441a6b63de663d6c1936ffa41324d57c8e562e3b917e20e2,0
337e837d61b314907b3aff153d8861c54290aab478be053fe18124c9eb7c7f79b30fdae266da22fc05d1c27f27fd52b9f4a06bd9d7750be8957b0a775c13fb0f,0
337f04f4a497d5c178d83712b0a9b9015c4f67b56da7ff4e71242bac244a18463afd5f8fece457a767d08bbba56cae84ad42734fffb24c8673661f34ea855eb6,0
338236c303a3b949e717fe6396a152e6c4815ae1900ed1a5a7aa0c3c48a96a3067363d28883eb38996eb0245f7625997d08221514f083fa0d4d2ccfdf84170c1,0
34a8d2777074df1cc5138c3dc0ff4b8c40036786944f16e51fe523c7f9ba85e319b41e5c55ac833ff3e11a0c66689b1d6caf6df1d8265f87fae39393c6578a0d,0
3522aff62551ff6b46f81223e853e88f99b1e3268c866277e9752dc77a99dadccdf210812b49acfa15ad350d1000e9618f2c2416b686beb875e25a4fe47929ea,0
3527ef319f0ba4289db73e28ce740b067506c8edcd17eb7e86c2ec8331c09ee3e022e5185ac9e9b5a0ec9d57922445f269b0fb8b2ba07d9fd0486fd4ea7c0c63,0
353dff68ea24960a24a8a4e4b5f79dcff751b746a34415e1aa5c7fa574b93cc0f38b454e595322b591625eb28e493cb8ed4f0d3fc823dce4247b5237571fc886,0
3589ff1797686265845a9af2dcb5e091e3d3e9050c7dff1f600f8681cfb7256c73b853e87b8c285daf404bdcd0affb0bf0e5bfd82076f0203a6e7b393d4f83f7,0
35bba02ba38f3b416a8cae9b71ecfd2b6ddd61097680b36a2273ee12eef14730dbe289f6667a8bfd254da25b134f93e5b228cf3063189598290d87ea0e551283,0
35c461b128c8905192e40562ba304553074a84810fdffd711218b0b7c5a92b3cc0f42fd692b96a43211c837d7ed25287d88dcd639435ce8e5c18ab94477572e8,0
365fe9fa78f3bd9f57f831d10e8fe4abef263f422b607e9c18bb3b1b6b6cc7b36c53903caa24ed4ebc7430b9836311f3458fd7d0d00aeced5c7946afc819f710,0
3673505b56d391ff20b1e8205b5b3a944f5f31d8edd43d801163bad68a9848a8bf6502bad3a141575f484494070a1ef7ab7970620e736d2f2fcc86a1180200c3,0
3697d38d75083245def197f329234e9fcf3f8040fa362b5c005e530722acf5d4bde8cf87d09eb2afb6e8f79d552f6949a4b971c317b227e062fb3b9f7f01d6c4,0
37362371d1628ad93a80ede39bdd7b9a125690a6aa4380b7fa33fa3b5578fc7dabe1df455e9662d0f3db8578b3c57b70e180d54245db5991ae9354a214e584cc,0
3793d9148b96e7aff652ea235c1d7c8034201d3d33c1fe959ed5da1662af3956aa2dfc7ccede10ea43ec0697b3f4091b3780d387639b86a0535386ac227539fa,0
37a0931bc145f51d52c9ff4934a2aab06d9a98eb93eb34b9124914bf403f0f2ca578184ab157250421bce9d832b8870f8f7b026cb3ea59f5f58fbcf3061d03f1,0
37ab8e0c32a8093d07cfe4970a8ba1a6d1944d87028a113015059580fcc62dc90d465a3d055e3ef37169764b8c77249bd4e9a49ecfc184312e687cbd65006a1a,0
37f98a9a5749222aa861d57e3de1fefa34f89d6e19d85a8fd182c4e62d929e00af2b650a07b2cc60688baa8cc07b453d21b3a31e741355c9319daa386c4a2f0f,0
3803dcb2c6a9c7e70ad22b6c5ab0ecc023a083dba96a0b708a0ddcae3f323c08694c611655b6c0a3f0c94eeee26aaa7a0a4efc3a018947f2be6b5025f6657552,0
383d50a60f750c2f12d0842ae01480bcb91e550942c06ebe29d7e8da9bed5dbaa22c6de1595547251dcb3db18d4d2a15be3be07ac436874316b166b1ddedf7d5,0
3848945960bf79cd4992d239637941e9a7a9de7806140a020dc7ce6eac8427c88a34789c460e57598dc81f65768d4255e864b06da2153d2ac7d88e067bd485ee,0
38a780b87c8fcac1528e897e8bac3190a57feb82a70f6715fe1da32d384a21e5d8679701c558d1819b810c2171ad91e1bc794a95d09041d8a6b095bcddae22db,0
38bd5f691cba514cfd39a80f262398a98986e33f4d15c9866cad7833f8298674e0fbf9bb5f1699737a388ca28e8f3de4b84e2e910c25bd0bcc56d5f74424923d,0
38e024f2a042ec27f235da49e926ba98b7d8b7b05b092341ee0b3a815d0d0b3ff5e70281ac8201ddb5e920f377010a73b820258e7f4b7d42509dc7b1eb6eed1d,0
399071457d584bf8725e2c9c7263417f5e30ca045b41cd07010de16fca0d42f6cc3fd1c8d7ef6e846a6cef9d45b7a4e14bc23609bfbc3ab17b1875e3e6eafaa5,0
3ab49ea6d8d9247035fd0fb562338dd9598eca51b5a49563e4d925fbc59ccea062e7cc8a4929b92e04fbb0116b2a9d2f74f2fee8b4e7802bb1ae08b95961dfa0,0
3aeee425aa362193a61bf387c313a8c12fc1e4c0b459c4693ab22904018d690eacd7d6ede6b4a470a4caa4c32e556f5483f5bc797e32302dabb6bf213b23c2b1,0
3b16148e056976fc82b5c114792bb73e3e23eb673f0fb2f0406a0754b53936b30b7932f5fac2d1befd2ea58c34c211830d1d98bcfe48434ebdb4e86610b8651e,0
3b42e7cc6a2c528ac8c790fbf6ae4b19bc517ccf62e76e18a894934dcff1a16231df698767a8b070cc4cbcd6bfe4aff77577b9783626713032d6894870a21406,0
3b9f5c147280594a3fec18cc44292b659d471ea6ea0ce673a9c6f4b04a2581d415c0cd4da85830afe5c543c8973f5785c0dcc517b8d9e6fc308b995aaa4c234f,0
3c6737e1daa8026a54a4ac99c482e2f1a2da4e015fa8850f172aa9f52bf965e69dc43baf936775e2b98c70f40f00391b6a95e6577d6f50e603baef8db79902e0,0
3c80a8d3d63db3883de65f31c47c12b25ebf1b301c21a23d01f7c36a1aeb920891b94591fc8bb42ef673da7316b6f66d37ab36d731d0861387d3d478aa7e6800,0
3cf4f59921e4ee1c2bc9b056f089c79e34c727da24c8b18fc625b57cd6c2134feb761ce74c1b3a2a1e79d9830bc4265261898f8706c7b3096c0db52e91d29865,0
3d08eae7637260d74d62c301fbf4c636720813d53a75492001a40180d29e2f805845cf4084b7f5dd26d2c43bbbb267c9566e2909170105ddcf6d3dd95954cdf9,0
3d2b59546155747006b0df880be32c7ecce7e5e5d413cebcb74b76ef62a282eb78bd1a11603e6d08d374dc50d831d5edf13a311f9daffba8c3860bddb6351610,0
3d64509d822ee5e0f461e58bff378267dbf468e8bf34eeffbcf64fd2376a6c0224bcc4d1b9e8366218057ef437d947a0d246fd7bd69ff1ae31f463b44beddd58,0
3d9200179118348cf98eb2f1fa54397831e9810bf830839b40ff9d3e24c1318e13aa672eb08960d0d41acb856bee2bd5239ab481ce3699c24e63c28598e21e26,0
3da8c35178853fb4a6471484e5560045e8b80528b47e9322fdefa377b21fed545af9a11bf2eeba0e29a7262d1884e7908ff083bf4de3d72c0faac4adaf281888,0
3df3a57bf64da48cc55863c28f150f7d61eed17342633a7b0efeceefa110bbda89930dcf117035fd9fc83af54b037b33652f4760bb9546bb15d728e7a5117970,0
3e9e68cc617af19c861e6bb99f7071a82ff7fe70fa64d35f38b3c2c4fce597332bc20b6f7167ec8aba061ae3d613de35db33257bc1731738771c38c0114552e9,0
3ef058c188fe2b89281f4806a06b4bcba0ff9587544aa96422c025f42454a434908d1bbd4b803f13e843ac8f07d2bf3304939457524f380a9408f7d6c6618b58,0
3fbe46b2e84929eee9780be709869edc989cbdce28867d3a9f4cdc87284f244e2936e3d7979696601e40ec418e30428950a1e6c6ccafa6746cdc54770c7adea3,0
3fe4dd2716631a45970927d13ac9c45738f0b40f184bf64f7ac7e8a3d3a4df77f4fc7de62c39818b69c69ab34ae509f1e4ee053625c2fd595eed27415a2727fe,0
3ff7d5955d6d2232126e2fe51e881f914b1860b00bd366be85717eb845db03d19718c7704c7767ffe073be275fbb151176e6f11819420b316ba9e5d44dbcff42,0
40271b71d55e624960340919dd5337086bb991aa0c4cd55149cb222df89b64e209052040dbee0926d6cd7631ad95f0e241dda643afa5e25cb0104b806dcb3489,0
415d83907469742ed788993ca3bb41c2459ca2b69f64bb34b3b67d96e921030b5f36e55aaec093a94e6c2fb2c5086aae022dfa4de705ffe51d2613ac386e7ed7,0
418d41e782eefedee824c8875971cd9561aa6c36d38eeb1436a66a5e571cd37a1631e06aee8852b3fbcb8c6111d2c33f9a4fd8d26ffac3bddf95c98cbcaa131e,0
41a1066629808c0d0e9cf2e30d45e0686ac262c192e94d93661eef69773170e36d5c6f338aa78805ff728e3c2e076df61ffc6d3b14fc9622e43479a84cd4cd54,0
41f0d03fc8fea137c5ef2f38b03e57fcdefb6712969a2367e76dc06480da05b57601eb711a3bec3eb8181b1e071351de8ebf93c040a45989c5df66c5235f2273,0
421e4775160e680b69acbd7f54300af48d2fae3a99c349c35d68f37e40e0d54d3176152ab9664bb5707f915b323867e1daff55b6c9143b4f9606637c72a21af5,0
425fea0109f30bcf6e54e16c718acfec1875d8599a2c100f2d42fd43d842555fdfbe1ea57e8a2099914806d373d7bbd2bb76f2c19d562e040436cf0f51618e96,0
42a5988ca37c61510d73d20809f4a128c4952ecfe229c9a666968f2be7c9dc218d44954381019bb2a82d62a0fe3fe454517d76fdf2c113f558e3669c910a620d,0
4303cd1ebe577c1abaca78c76f99a043580ca7d54edbd297ac84ac7f128338f27b92b317558bc97fc1f98f2f9bb3f6a88e70781238ea0cc3b5c5b02ae1a66424,0
43fb9844f4e52017938a5982296d1f3262419c5fa36aabd0c31616b3dc5c179582e381e5a8f77f277d930003e56e4371b37d921e9fe9224cb7db3095f3bb6db9,0
443edf580d1d87e37e152e66d9dc60b3fae890a19bffb96c808f82cbf1d74f55d2b85ea495bb3dbf8af926083b0815a0e81fb7364f97161e725b112326dcaa3b,0
44e711632533ec08536e00dc342c46c9a98f76610f2623782c835b816c8118c15887c5f68fbbbf071d5cf8a369ecae021ea1ac13f7deb85b079011f51878a45d,0
451db8b5f18fcd3ae54984b6e8a278cc1c4c1102ddb67786a484abeec65e2f264926a5850e0a876be2ddff6c3a6e793174faf0aed6e56fb643b7a81f85ca63ad,0
453c6647f012ac6117c0e1ecac64a6c682f1433fe9d9109e5980d5ad90f4c4ad94dfc5d9740c931c1bcb437d5baeaf6f8086a1e2d5dfc829a7dde2e844e19040,0
45b89b555f0abbdd0482a3c195e01b9a164ac31a6b8a30d65744af9c62ea32c9919f8300a6584f2a0357fb88ae2f3c1d24d9f7c29ee92aa9aa9658efbce3f9d9,0
46a09d417aaf984c46866c745fd46172dcf4c43b5da2e74e372054b3ce5ee0b19a59af2a075d9f04ac67d5aec3a1658a5a0604bdcd2c4175363475357dcf5840,0
477f8b3c1fe6104410998849fa7e7b9388a64f77ce21a7bdb098ee641fe634b9e761d5c40516c032ed40f778d7828e0d32945c2bf54336a7d1c050fd9e05e527,0
47f45efee5f4bf14e56d08e84a07e28a660af5baa8fef360b00b3786be02dc3b08107b5bf6df6dbf8cbc2cb05ae44e6a335624196c5262972c307ffb0b57cd1d,0
4833d25709962cd9be964114abade8112be88631503fad39e77b3a55a5df9f6e35cd9c3624806de30d930f22f10d54220fd9c645123582ef9261b589cc992c90,0
48b739818152c950eeccc36b954a3fac7958ec75a02fc242834a483fc32774d46d888e265665273229603a2d349710afba3cefe8852b7440702aecd579e520e5,0
48d26c2853e8ff7f12f27e34d89898691f858df9ddc8476441d147fb43f9638d41eeca8bed5b6eb2d84d522aef9dbf8d2e4199b07db98b35a046873f70257498,0
4929bc160271a35801594a36cdeb0ba8d4dea9f39f9231f6db9431a25cd8e48ed7e41a1e480fdee0386c18829a7925c61e66331aa41e1fe79ed6f61051b75a0c,0
492d50f6cba9790179b1b4c089abcd0f79a4da8a34d1712a163714f05129b2c54357dad85c8c0130bb12b82e629e2ecbf2b5a6c7417aaf2118cbc7ba7c13086d,0
4a0183284e47903666b4c47900f8fd302d8c735c7c6096d0d709b86279a0072c65028159f0e19852efc2741631b8d2a6232cf04cf9659531df9ad63d19058923,0
4a26f87eaf42f04bec2e820c0b309958643ba7ffe8cfad989c8e0dc04a4b0c47f5dd24b2ce25c4585c6143e3669b3ed125597fcd3cc0ff9bace4f073ae3b2b93,0
4a7d299fdc14b851e2230f65238987eb214c9aa52615483a46104ccceb4c22c1f1c30fd326d8f72de32c920358c381d9497642e73040c65e219524c3413838bf,0
4a94c5def028e70a503198e8e5e0744730a8126981dc7d6107bcd18a9545ed50c472bc55a2448875686ed702f0d0bc4dbd9424093557ef5740ef41843730079f,0
4ab1e2732699ae7bb35c59c174ead4dd4b0d803a60d9b05e19b042c41e78d88e8e4c130c8e9720ed4c0f202f6727365570ab47430732a1925c60195f8d99b292,0
4b862cd4d9dd2377c17b75eb2debbf2d686cf01232640dc564ad30e3c4471855fd5fb2d6301e0276d7cae66aa13bb057592adabf0d5b1d87e5efd0ba6ca5feeb,0
4bceabec3ab3c8ee04e1c109972a9ef8749f359562bb0d0018e534b33b186f85de82b8bfed102b30ec072c2be2a53502df513a6b1dfe22fbd9c185840e31391c,0
4c188f028c769285729f161b4ad0d8c8507b303a446b2e8184b1d554ddb8d673e25544df7a01b6d541a22dd139dd9fe8e284c95827a4db25d0e99d744456f460,0
4c1c12c437e75a62b2dda1e9a8a06d3c75bcaf896887a054403349d49361fcaf0c85c63158a4ac7eb9473fcb6ef52991c27a5cf504e20f2a8ba96bb1cfaa5f2e,0
4c317fa95ad9b96d7e2c47baac7dbc7c8e635c5246b092dd5629a9ff2d8e0afc165054bcbfb341cdb1e394c8c253911f259a33f9b8755b39cea911373c5772d1,0
4c76bdb47d7847c1bf0c1793cea48821344aae0cdada4d4a8243d22b5a22b77dd4d62911fc98b1d27737dd6682cfa48ab541019053a9482aabed49d4ea14d263,0
4cf686c6c9c5f29edfde211896c166415041578b0f35a3c13188d15909039273f5464009f5b74c14eb6044cf1d7c6f4bc825ea7b94ab952da95c79695f45e528,0
4d43c2207000ae8759f2a3e757a5a96fc9a74558a24d1c2956d180744881d1ec1779070ec47049e2ca8c229abddec232c2e110cb10300b3220cb67e15a9e10b3,0
4d6ec621d4225581685960fcc8c430d6f4a7e9506d037b062883f6bdd91154ce4ea11cbbbac16708f127a337208813e752dee0c18c3c01ea9fd33f0634319ad2,0
4d93dd9f96b0e7c48c1c90e1d68727dfd748fbeeae7eded7f3d4a03c22e34d55f2f7efff2e3329f86e1a92975fe3cbf02e7dced3b777e21eed2f6748dead5d0f,0
4e1dd4980670015c0d396da579c67f18a6a4e35f64765417867289fdafd0f7fe387361b4e6722cf7236760f46715790dd837784c3f5255510115c707d9c5e982,0
4e94fbe30c38e2e987ef85f63584fd379eda4956f3540d636659e61dd368c742225d1b24f0a4e9eea2736f18ebc23b1ff45649fc45e7e8c43cb58b23526b8daa,0
4e95a47bb86fb52a7a58f9ff2a3b20507f5d43a22d5baae4488d6a7c64bd631a154e71fdf1e4fa1fc706be05c39203b5734ae3f528fd28047ab989aca25afcc1,0
4f05ca1080f7ca9c653a5033ea39bead16e80696439b604b678c47b56659abb3ed5bbc473f1cb7dbda8b9c2be6b41894893fe5c0125c968dadcb323df5c55a3a,0
4fc1216b24ddadf1b24d97bd84898048bef66ff172caca9da9d8e9e2de4ef89b92b87f5889400ed75bae2b0ee6b8b68c29864f66779f4891fe0bdb283826238a,0
502cfd286f0ad76cbd541f3cb204ddb499f02748b86cdb0680b743162a4438c9ce95ea0650ba3d8a77cd51e45147441576b9680c9d007834efef06f70d077b6f,0
504a98af7e11678a086f3c1334743f83da3348eade8c2ab6d2e9f055b234f0481793c179be7be268b57220903b27aefb926916279ebd824717b959c0a2c27b12,0
5156bcb69ac95926b4b556bd94badb8371428ef8578c9d98bc3136dcf27cadb0f95ef1eb14b4626d6052f15a3c9bb7750554dd271d8633dd846e7a9d566a57be,0
51570cf36b09a62ae43e8065ed57be0a855027f754dda666e063f8f45ca5426c26f8ef6313572f6561f31c845387be261f4709caa3c954f7370c8e861605c1b8,0
51831dd9a3c4e2e0cfdfa1a34d41ef6a9bbf8e45883e6c16ff7fe0df990cb49c1f5f4b7db8e1b25f735712646239218229b0dd28cf46160e07cfa8373d166e36,0
51a6c048ee75f4646f29236fe2a189f3057d91d930a0a43827ba653a44e8ee88745eac1d164d9694c3a3b418a554260ef021105818970a821a3b2adf5d02e68c,0
520a870a081ee777b8469ea0054863104957017d869d78110a553846daf3ebdcc995140279dc208e22edd445544df989a26170bed660d867bd0f2b13e13b0e70,0
52779dc6993248eb0dbef79b73e2f965eb93fbcb11fc87428ebfc106fd1713c75a5d12c421fe29479670a1f35a5f9a90942503f83f8aa2da079e03d6049ce76c,0
5286aa68be6ca6c3d42292152ef87a416b511ba66d7e87fc104aa8284e2788762015ac5bd7bfc96269e6d11ce189a4b8f87d5e87e8c7817bbc46b13e320fa5de,0
5291a1a774853d2b28b3e123d875554abde558a4ff407983b4aece007d1b65d1458d740553e5c391efcc6fdc1ecab530fbff94c72261c2b5c51b49e33b120c48,0
52a20145305e73a33a51ee0c5ed8fd75485592d7aa086e76ec7b7c0be9742e2605581ca1d76862ee9c41b8a00cc43a5ea815d6ca933a9a4d8835e536cbd627d8,0
5304934d095aae00b2ce56cfc6b59e9ae4a21fc3e712a505bbf2a7c913be00d7c984d03e40896151d828acabb2064ca0c374691982ce8ceee67ae40cdbcd5f1c,0
536592b176d2f50945d76f685c102673e26b0a962f59ce7838a8b4058bbb894d1ac2b5458744f02df6d86ef88b863a79617642dfa7e722e899db6a316b053105,0
53b768c7e0009f2937a3406ca3d3f6d40b0b4235e45479a985c16e2a251c1eb153cc84cc93fc466c94566a74eefb12c4ff7a41a4cab92afe84855df184659987,0
53e2aaf5555c1f58cb9048fcef25d709d81c1b8f40af8c37bb9c88177ee9a158caef7a3b2ff9ec3e5b5ce0ca21e7d261b0eedebc305f2822f002e545d5b925d2,0
541afcbe378c40f2fde4c458b86e1f769f1a727cb7aca971ac12739e992cee84f3eb9cb55284c4796bfc0e75058d20a35142129d9a0e91b1c5fa20bd10fbb66c,0
541d232066bed81b70234eea6742c8edec48e30a0a2eb145788c917acdeb818666acefc5e9a969eb6f18ddddd5b1215175fdff195332d8658d1ee8c72924b125,0
5466b3837f53e80920774b06e736f82a13c301db47562fd50ac854998b2f1b34b583af8d5a6fd6d78b6ac0951c2a5470aa445d8e629e079b83accf681befcdbb,0
547ab89614fb2f95655032e38c23e3418d90495afba390c4c44578a05abf880086fb7645c64313767e9437b90fac909b5ae80920e4b3299c98fad7d68598940f,0
54b5d91e38710878f3785cddf6d1c5ec98e3db551d5c96a04bd6a153ae0d0d05a42dd34563bc940ce2e87a413e111efe014faed3460c65544f617ae45e1eed9b,0
54c375fa581da8873d830e82667c51bbfd50296b09c7c39878a515a58287e0dd25d225c6d1030aaae725de6b3840b0a6e8876a12f6e9d9c1f47f1d46e0e957c5,0
54f7a09b7a83b9eacd009a7df5586a05ee995a653b8cbf82f1450f5da2d8f7979a4e72ec602955ec4568f072a0a3d422ec278bf35fc3294fcecc428ffdd99710,0
54f8077ca7a8a297cabffd94973ddd662333443b22433e69e7a0c32ccab8e86084d8fcf7d2ce636d69fe066561fa1e6e478cae05898702364e9f45bf476ead24,0
55128dce000b6358774b4b2eeeae53c9d87555ea48b9f5181d985d88a548e242e1f1e599d1b8adb524a7d95434658db37b43e5c9cbc537599136f4c5a023ae31,0
5525f74a864805ea13cd301e20f5af97bff38fecc222bdda88d6ecb80a6a03bf4c5a2a3acafcc3f1a7cc1dad50480a476f50b0a32cf6e369291cbbeff6159cae,0
55976a8913bab691f3eb46f4d01ecbc71e8a073eb4cc86e63d944a33bb3b5f08afae4563b4846495caebb0ade485d53c75aa8373cdb518f99fd1dc999d62fd5b,0
56091a44df5bc83c127df76f4dbdb4bb62160d9d5d4fa0300a7acd21c45b46c7a147ba1264a3abb53ca696f84ad6403f54504e47e0acd2334618882486057af4,0
565fff9e227b208b564eeb943c68d835696eef5be6ef30cbf4b6b3c92452dbc23bb7456624b614dc896a84a20249cd70b388178b76890231a258c6ab029c3009,0
577876419c87e882427e67b3a54c07edeadfaa636ff30d1d93102698eb05887e81e3914e03331c094c24d30a9e3c14aeb0513b1a49ad0539b017ad3b09a4a342,0
57b2a7ed39921fd53bd700f0b70ef73a93b40f8938d84e1e08db8e62fafdbac7b27d110252ad4ded3b51b6dacdeaa2c52a8b841e5bc8ac9cdec40e0c8a24cc5f,0
5939a89b37dafbbe450c99ed659da2f6799b8839c63abc667dec642083f0b10ab9bb1d1a70fe74b6b1c13e74dbd5e645a9274b7f5691f75fcc56981567cdcc25,0
59d9467ae62a6a58f7f3f0dbcd0ba46338a38bcb4b81a9171a37f1f12dd15518858efdb327ad372e10282b0ab4c6d18079777dc8d3b8c97b35965e3ff0b23537,0
5a1fb4fbfc8b6150ac1bf7a6afc3759be31cd646795eed7947e36a441a3708d8c61ddfc2ac0be04eb87eb042ce5bc292960c3e79641753be1d1c7252b357229e,0
5adc4d106f050a9ea92e4125998f48fe166d1ba9b527e8d7e0a0fd8c2a6d53510a0af47308893f6855a61992edf7a64fdc16b547038beb167f835a67725718c6,0
5adfbbc28bbda5684466967225f7c79c74246857918427a0da94c15962555d5bc0f8d28fe9db8e750812c406d31f7960696e0e98abbd7997501952c2e9c2e551,0
5af387769bd107edaa08eb04aec56152604c8cf9416b7bf48dc630f85d5aaf382e1ebde978dc1b67d4b6cfd095346366464cf477c50e4a1c058d8591f5cc902b,0
5af55e8dea0bcd4105620adfbb14ec235740eb38b74a812047c61f37db3039df736fbced62ea6e208854cd8ad2c2a10b880ce2baad2507e50cb73212992e2097,0
5b7de391bdd11d74eb222f936391a03719f3c39177249edecf66debb88e77da9f7f7b20b38e2e6c131902f05a46d424c8491b82f3136f5c2ce39fa0bf149b337,0
5baeb1a735b74bd8287ba46dfb220ceff0451ded3298985057d8a817834fc4339839fa889a0f966657e5074e82ac33bc36095919a94f6aa13fa7d2a744c44db7,0
5bc6fe4e0108b3b800dc35ff0fac58cf3b891575db8a7b26369a184515e5ec7020522311c4436be5a71b3ba8d67b6d4e141330cb5335d14d900800cb48f8e456,0
5c13d6eb0344a07d62e40d040141eb74e2dac8d57f1ab2db65977ab1607911bd89f55c5cc0bc9d901c5ac23d9f54de8d9b2b3cecb02a3f83b181410ab925456d,0
5c9549abef9c7f21df93b1f1d86d24c4dbd197d5d26822387c6cb574df09f0c82f4b41ba1863aeba91a7438fa5bf65e3ddb0684cb295c84a613b0e7f31544cc0,0
5d1d159b31c4a6fd7142cb89cfd6cc47b8bacc5a5a08188e834860285204c873b85c38bcc744bca328ea19a93ee7749e78a295c681bf2a5241d2d2368d031bcb,0
5d3f804c3e62f9e46b816f920d29a5f0f993fde01aaedd31f4489c498464196181ba4b8c8fc72162c9929b7ea8c0bcc955b051036aaab7967ea66288ee9bda63,0
5da4abceaa0be7237f879530ab6f933ffa0924e1c828c41cbce164acf4d33bf02c707ea5e29419b008438e1e0ffbd61111eb10c2592a128493a76687ac32c123,0
5e28bc459b2518e95f647e6a9e3fcd980117cfc7d25eaa7fe3607ed6ee83fa92c00d3f8c166485930144e78698a0b4e3814d7e684bf206adc9adb4f63e735bcf,0
5ec200dca183a50c6980f0af140f13411cb29cb463e5d4a9511e899294e8677347e932a2f507ee52cfafa2e86043c32af5884b49132ed5e8faef736de96ad4a9,0
5ed607da4a41d62dd98c56c78e2ecbb7b55a8b8e3647aba36ac5b223fa4734d7f0306645a617e476783895d13663f86ec6fa8543e48b5968987b2171ea58d503,0
5f120249ae9e32196d952874a43a647374a03d3caf3b87cb8e6ea1bf7609d5a2f0c5528d289313df3f25f2a670b121f64d0a04ba6003a0c3f7f870bcc0d6e028,0
5f42d5a3e6aeb7583b1b24484437eec21bcb307db4cb427f8f60e5e8690694db1ed8704ff00382427eafbf94504e38fdb4493a4dd1de9969f6fc9e9128cf3ae0,0
5f53d11dc12ce39ceab4a8f955edaf0974dd96ad7f1b716bad9d898291da10ab79c97ac20452d018eb8635e8f76b5595b349502c5932c7dd312dc9d405ae1692,0
5f9a2a89b88a550af1a0c36535e7910a388e563672e6f0cb5f0d6e96e7e58797f5995b29a09f011e08e5675f3a2ff1ace6e693c9f5a354a9e154b822a0bca089,0
60b22094a484c5df39a545435366fd110ae7f73675d6cd28b27b1b164305e8b9b621b653d23bafb50996a42689fa623a90b67da50e6cab638a204ba89feeb41e,0
61abfe5096e15b0ed63b5f64dd9d10e29ccda4b0d170017f11cb0742c58c45b42e50e48e2745aed8d7d6df46e9b0af5bc13d27fbf892dac120dc60907ef1df81,0
627f5717397742286297a50f9b0dcf7e2dfdc891065624c10e1258cda09d2935db5b8eb656322f18f512204325f2402c8ff1d902d84c52c829d0edaf7f10f933,0
62820586e94fc96ed923b5f6ac5bb81f9c6841abc077aeb48fa4ca246a0675fc24325d795b034e8bd8744a5684a0812dd5633edb52c9e89bd8d9fb2a5bde812b,0
634100db75686d2b62c1cfbc80f1f996c30807062596ccbbc1fc59e7e2391496e000f27d9884461805cc1dcb458f5f92e351b897f39ed7047bfa04431840a72e,0
63899afd7acf6ab6a315b92932d22a968603a6ec64f2c50087adcbe5877b63abf49ce54fb928299ba5f0bd2985d4d57028a092ae84e1a352428d356fac43a349,0
63913ff62f174e3c902ddcb8aba1ab640abbf3c13b313e6722357da80859fe3fd740121cbecb298c2701b34d963da6f5afcebb63f3c09e62c0ed9f5a3719d693,0
649b619537a703cfb822584d641c3e95d9b17ffe8db04aebfc167560316e47b30d0ba93436d5cab92c5b1a9bd5afefc4858aebfb7c35ccd9601763d3a6e581df,0
64d93992f675a2b33c4f1f77dad7be32078b342c6975714c8ea7ff5bc39333e800e9d9d10171f172ef80d47ff97d10c04760f62b000101d7b5e173ff563fca4a,0
6524c51e1a35ca43687d4ad8f641e5207338699ec1192d695789934b919f2e00bca96dfd99e0c54e768a72c342f6fcf6444b5d6a2290332e6f58b06aad606625,0
65b53727fb4fe04d0c23c9ba10b46ebfa675083855fdae6478c178264e4458be6a007f2856c16751f00f5ec4894191b3cf07fc5f7189d650a15d806e52af6b7c,0
676b41ad6c0fc775ee7e927bec4b439dc0ad0eb9c73dd6442e6851dcae4ccb0dca2fba39de6aa466a6839ac63340c4a376299d656bcb04354ac4ba4d023c828c,0
679e92ae58cc74dff1d30445ae0b3bfab35b2a3867c643c0093d37bfdd1d1b41b1c02f75777690cbeff5ffebf4e668a8e971c34b41deb4012f9cb23f053539aa,0
67b53dac5e8932ebc23ec86f0365e41c361e413ca93521e27240b82e03c8aa2155a25f6788b14503bf90907099690d279c113bf504f7fb4e7f72ec56ce574aec,0
68238ba67b14f0d1b9689057ceb13d1ab7e75cf99ad6b4efe55198f3c86ec717e46678a6784ce8864f62fc6cc42e44ba2562bc59d825b8ce2c61e44936f5eb97,0
68c4b190c7c23bbebee6121c1cdde5377196109af99d1a40d813dc7a7a987d1656bb19d6172d1e54eca737e9f1bf2856c6e3c2c5c5272332913f2d33183c6196,0
68cdb288fbcb89015689beee96d7680964d8d878e6ee43c4e3c3b60938f910cd974749bd10017a53c855888b46500281b810791a80f134490ff322f8ebfdfbfc,0
68e24e06f8f07669472cc2d473df2bee8c1deba1b34e86d3ab863634c53daebb237b497e7a2e9dbf0dd44698ef37e6e3b9738075d7f10c455ca8690f6542e427,0
68f11088e784b3f319c0735e462ebec22aaf22b0f1e15b516793c3eec5b10a73108dc2d021de989f9f165b42503b126031034db653c6688275ebc54f6db1d8ba,0
690181a83570ad16673606461abdc0901f3e13e316819c91085cfa187c9df83eddff42a24d1342098aa369558a8d175805882e613a93bb3d3582c661276b98d5,0
696872c25330bc53400082a0d86b1596871897e1932c3b220a66309f8ab14f92980bf2c3b7444b702b333247236589611a87eda8cf70cdfa877c78a71f30c7a7,0
696d02e223e46fb6bafce4d8d446744101900a85bf459824332904a56621c00ef1e323af816bc4068ffeb082a26fe32aecab29fefbc20c81ced60117cfd46c84,0
69c3e199f579b38d4c44a1738bcaf5bae9b67e60da7c686fe17c77b1b55a6f1e69caf6e242fe108faab8cbea09292cbd167a6d0bf49429b89ecdcf3ac64bcdfd,0
6a159e714612461eb808774639e6e99b30d1ae39d22852d5a16b4f43b2e0d23e795a9749652aa9a3d07353af8c13dff10d6e2c38973971b5ddf7790d7847b89e,0
6a73f3dc1118730fccebb9541d1cd9961c854d16bf67a859194ab1a0f6e1997b823bd4c78d6bd41c97ccb31b8ab260dbbae97b750f24834b90ed9b9fa95d235a,0
6a998f6d32f337063840f2e04f4ce5234e514b139fbedebcbfd74c13495ea76965a6c3bd1304837c5aeaa2ae2729f0dfaa8c209485d3f972a4daab90a08fbd77,0
6a9e250e467e1ca2095e2bf40580cfde3d7fea637e4691bf646e638ecf8abfa4d87f7693dcf57621af5f6d12aef758bbaa1fbf253dcbaa465ab626ac3a0623b3,0
6ac275d707531788bd42955c3911f76e5b79ea688456eeeae20c0ffd78e5f08d490b0220b0ac3f41648c944516fc925841a0596429a9cee14cd17197ce87a29d,0
6bac44538d8577ff9700c674a5658cf5d502721c740874244c039b7db069004968e54cbe00d7e00d23b46c3800d5b1ee1054f7e3129af763e3254700eed2b0af,0
6c44c6cb8c6ca5f742aa618611a4000b6e2ac975de8c6df7bca9b7e8ab3a1712513df34d542567fc449e9692d6e896162e468ac1bfd793df76ad2c3ed34b5e98,0
6c957d4ee93aacc0beee94eb108cc85b659f4befe88828c273d013823dd4c106ae73bf97be33944ede487425ec3cbb0aeb6f7a3b57531fc3243a970e5fce2f64,0
6caab46fdbf460f778bf9cbdea007fb7df752517235479a935fa7e9a69e2ac86b1f2322202e78086f20bd0e02397128af19136689f4a222686e367eff9d49a35,0
6cd1717d780baef24e8901e4012ab9b267fa34c89c5ed2ba1c68a4000f5d597d10cc33a5c28cd61d261aba111701b2af117b07a0b408ec2e72ab739ac9a22114,0
6cdec0f6b97492b5dec11794bdc6ea982336ca6e00a838f5fa0e1785cca068b8a65610412fba3fe40137375fed1b6a083abe7860a4e5dd4b66b486f1864798ba,0
6daf0defa35ac7c95d1a23186e8a329ad02ae6193f9b30b9fddae621e44a738684ec2e3aa10af9856adbd064db902cb02951156d3030eaca304c007d8d65a1e3,0
6dfbadf740b354efe64f0470caf0196da6675dc72ec5fb94c88832f7b049cc600f986db26c57be0ee49506821c090778614b62f77056fc3ebfc672da5826c0f0,0
6e4398d9d9dfe2aced33442451f171362e1445da73e724f7f6883cc20259508ddd69dd39ae6f540d5f26e99acacea964484f756edb3c0f9a0a8d687ae8f28101,0
6e82bb9d4bf8b035c328cd491207fbb41edf8e6200a0f07f9d8e09bd4b679d7f6ee529455b6d4965110c72cef8c44757e8dbed5688e6493d5bdcd210c9075993,0
6f7db103c45382c19066b61ed099f1a8f8ec57a4df77de235f4a31a139f2b6f0f2b8f811298c6d888b4bf0ac76692d5e16a381726422dfa6f348e887e7432995,0
6f8fb8a720ccce4a99913ddffc245d36659b632253f81b6a6927c198966dcc4dc6ed832c439e36fe3784156e963059f45d808dae72861b916d44983329277aee,0
6fa4c20dfe4ca27432ea5fdab318fce8648b489effbe7b3e0f8f003f2d8748d356199400749501679f32daaa183671ad7879417ec02e15c6c5d2f7771d3104fc,0
6fd3c638b32d4593a0177450c5b9a377e3096c415f21642416ee64ebfae8dfcd8419d75d330ea90ba8a53a31963529a6c9af6e4d4473cf788080e5a9a90dd9ad,0
7025e21df27b09a83b41e0ad3cbbe259ae82387234306974e8ce0caef8dd56a3cb387fe1dfd6fc59bd8fc470a5d165655c1d9a8576548d69bccb937d286dce3b,0
70ae7a9d1b97d276af904efb5eeaca7ec40e58674b56be2407f3cb36ee2ec84213541d7a6b5a3ca6fb15f73d25b85ba6edba328231661a711bf69910051fdfcf,0
70fce574ff698cc6ed420a78462a082f8b86825befe102d5e7ab141c107d6ae93c6a527ef657f0984439c6c77b287fa25eca1c4c4e849287747a186eb5a84830,0
7144ae80bfaefaeafd4109a98176726638e3c6dc23b63283a4c9e352aded57ed985fc2f4276d4b78f165a62bd46352d76602a8c57359e04597b4911b21255024,0
7192e4463ea577b6bbc51fdbfa0ef791961185ce6c31f37fc33e9beb5082339c9a2fba9089fe62f60e669e9e13c0c1933972bdec3e76423c37ac0f8c5cd5278d,0
71ba142a6545e2ab86ee4a1fec837f9c2696882b3608e3d446cb016f0f9479f3ae9e2a8e2fefc18ebdf7232d2d8d9f9a205b45d7cf940385449816bb29f1cdc2,0
729de143029c8044476c2472693d56cd3a3f1947d93265debd44a1d3cc821158b6391ea4357607023452a98a46213b2120cd5e75aadda77337ed0d3556033e4e,0
72ab8a67e11df1579b62fb2eb8113227ebfffcd486fc5dddbd4ff7ae06591f87d7452ef8eaf6593937c113f9894cb205d3d284d318c215656fa1b6830426c3ae,0
72d09775ded5da7bf4cca69b6135ab4f374ff75f751be16b12b0e3a64eda860526d21caab8f8603701d12818e77aa68b2afad0f2f10143d707bc7f4b1ca70529,0
72d39b35704fa55b9bc48bf6899165a3efe8ac4c4f7be796948b0caf0516cd7acb123302288df577abb9b6d1d6c88a980f57c914ed469d5448e020b8d123c901,0
72ef1001c784e21572829d1e924d2d1ec415c82e72104bbd84e94df75e8e6549a51e7c69d8814a31a086e558a5f10863e802bef3f33670027642f4f250a6b47f,0
7363dd552e6eb35e0e15df0c82745d937100ce68bdaeae29136f9dc1f6fcd0b386c6b52ae3ec33c0ff1e12c856a585e0a5a3e8910570db74afdf547819a16299,0
744b1bcbdbf6c835e051a50e34ceca832b2e99d99341b6f153a6b4ee205aa5b7942dc260ef6c7795f074e046076e612190d547d370402a730b3b3826c9731c10,0
746973f73cd92f635e64871abdb8b11b1856b43d0816ff803c1e49b324882207d324c20fb8c6f3b668d8fc5a2b11fa8582ebee9bd0c434246495608f65ad324c,0
74ea9fe8fac4376905f182b1dd44fc6a46a94f9aa9e4be28ed1032492bf2977805aeed1a79cb93989d557464c3ccc1b21b905dd859f84fc9873c5b3daf1ab945,0
75186897529a1a66144d9f45090e2f8344ed66320d24e09de870fbce1290a5208b63644ab49010d5c6cf9b53e37efff30566f819af2517f2f27a78ca493143cf,0
752ff6d4335c208489d91ae49fc03a4c0493859803fe3fad1eb7cdc959902c9f4ff0e1c0eaf8e0f365158e322541c5ce8d06f780e89a18184b3ee4a75c8a2c1a,0
7550b65abfc87c2eadbfd65cb1eff60a2eefd542c32242fc2b96b9d0d8fc4dfc861e08d3739fc16744c23de7c3c5ab7e19e6b1531e26edb7aae0effcbd2c2364,0
759da644400d44cf915652cec32e5652ac4a9eb86312fa164f1779c30b7ee82a1c729b439bf1437ed0e7b61faa9d71754169fbc991a3f7f669244e4ffad850b7,0
76535aaafd676fad1fcd707d2ef58c5b766cdb7839971d0acc05ae6a96e26b34a2f258c8fbc3274ddc997391a5e5214792413392626952f5b7ad870a84d49689,0
7654cc84e89db48723a26f00c50fb01d1a52e682b134a92271649ab259ae03e68f6c607248330fb32e24e52e119d72bde5db890b5decdb22b94cd1d8baec01e5,0
76670a7cfc9cfbf79c14fefb2b8fd30335f3caae9094b3ad188e62dcd98236e92cb7520de7c21854382efadd893930cbc5278d2dd8579f89f9d2a54976838437,0
768e4d3ceb8f8e91365c83967893c35ab6917dc0c9f514a1f22ad08df29b65c48de2ee7dd0a9a4c01531830f647dd5a1c43471ea48a613a82494cecd4c5ed7e7,0
776d7f0b263076a3f5fd1fbf6b6b7cff24240c1bcea87123317a64a300a08c4ab8b73b320f9690d52e556b659ba7fa818bbb1b15dfbd68971a8cc173c2ef2cd6,0
77861721e303b905238be6b164311d3e813486e69d479d5eb7a20d54b93c7e42577e2d0f751bd75233f2848282cfdbc51f6b5f796b540d11fd5e8070d8f32169,0
77a90148a92fa7ae6b4d47448c2521ba7320266bbd097079a4cde04694039b2641acb2fb05219b9651e5220ed693fdaa09126bf69bbbaf907fd03cb6aca1e56f,0
780567818c8f330828f2ce85f570ec97301bc2bf835074dab66be7711e88172797388daf4d68a67f10556bd7787d9003ba68b5f158a6e5f2be7f4a81b7c58a6f,0
792bb9231a14511c320da194c8dacab5aeb6859c8e487fbc3e325928284834e0e873da2e6587825761328a25029c509d2862f99fc4f254bd7a93c2746dd0b4b5,0
7931dfad6d0bddbf7ce395d981cec151c5bfe0b39031945838f4b4ece73e5788579b9408cb8d09ad6a1d453d0694312946b8f2a7d3fc8c2bac6c51fdb54bf2bf,0
795d9ed166da9776274800f1bc18cf8e229d105b37fd6ae7db742e0937026950f8efec8e782e97ff687999df1e96895be298e5ff804d46ad44c005d1bffa3d95,0
7aac9eb725396a0e6d36824c69e8369f2f500d79c6f0d03e8beec5c58cd56edff26932c5fec4aeda3f92383e8492a5942a8e75032785512b9cc36950dfbcd3e9,0
7ab9895f7399adb4a235b170a71ff0e919a1b4e3f42d6f1d0f24f69adace996f070eeae82e4aef09562df5285d83201aa6037cd8018488686edfd6ab1fee70ad,0
7b1f5c00c96648dce2ae977b5e97c9ea7ad2cce4f6a60c65c45c9e54353b63606e52ba4752baf9084f5c3cceeb27308e7dcab58f5e53000b138b3a574a67eeeb,0
7b54cdc3a6f8bace68601858bd215d3b5dd3a2f935b6973a97fbc280cede0d4337aa510b8fb653685dbe7933c6f3804ed8a67187513276835b4a26b0e1168864,0
7c1b28549f763735093eabf5829282552e6465c689609cafb31b85713d0b9c6aae8ebf2abd2ec7fe948840596ae4f02cb7617d4d725201d96684a89a25a75486,0
7c48dcf2d54dd508d0313b537caf04138b7d38fe4cd12c5b1515c721de6d9239bb2b1c042674a0f15dd748d168e04a10efcc0e684fc85d6d10261cb19c4c1a95,0
7d72a8a45edfa17caebd82a70a5c81a324e38357a986e172e0232e4da1f01f8bf0410d62b027dc8abd709da3d81fe9cfc13e3b3773a5840a432b830098510a96,0
7ddee78d7cb83b192a1346074ae276b8c2e965fef79c4644486b6f9aca36f3b39b1910e570a7539380ad40c6b47bfefb1683f72d84d2ebe1cc1ced84d71d8b84,0
7e26837e67d004797301c9a520d28f00630b06f563021b14275d2faa2681f754425abce7981b5f9bbaa1a250f39772e7e0e7cfe9e5c9002992ba57cff060e218,0
7e2eddaa3f12ec12e85e39f9eb10ad5274a990ee5b62e55b6fd30d782fb3d406906907cd14ce140b1cb13f62accc6ffb9eccbf5023f195a1cb6f9915fa3302a6,0
7e4680621bfb79ce897c72c9706b6d43a9d7249d2b5dbbf11ed465637d17a10e7b6fce492d0b37ef55c697f9982faf471214cf33bccd98220bd6be4f3d636f81,0
7ea43d127c310cb386920838d2643a93e6205b24fd9c425a0265a98fbe2c1a398be22c3ae8824ef9e684850018c9e519c2b677d52607334216d13b2ca3e28019,0
7ea4c0ae9e04eb833fa35eb19c2952c6e819f8a3d2e1215ebc458496b0691b518595a20263c50f32da0138392765ebfdf34ffd60fbfb0cadce342dc042f4f9d4,0
7eb4826936df9f7cdab875e406c0592a74f372a7a4177206abe9c0b5b9369f1f87ea8bb698ef41caad5a8638a9420aebb35690360084d98cfa2866651a330138,0
7f734f269426423592b7940149fc387b7ceb80bdf1a178919a52fb5f18c829ac12aa6708fd1000b2635cb52d111c1762ae3e5f5726a4ce4e9282de989027dffd,0
7f8a232d44644b4acc890a9d3fe90d8009de0d6f35603425033b5fc2959f6b7f34b79ecdab1cb48f490fac346d1c08b6a8b384c2be8c0c8d65d04ba80938db4b,0
7fd5938ca64ab3a96651352bc3c173998720d03b713e205ed2ed7c9743deec167c36f0ebc5e1a6e15fe0a04963da7eeb78494c41b3c6c6759cd4f2c333a0e3ca,0
80380e36a4c8146abcf51200043ccba9f3019fa74e3a5ab973c68887ad76b9f9aa8cfc7f2f9975ae5941c8b32b4082ef7d6d2d4c6f8666cf0725f44a490b5023,0
80600722e0d0ce461af6b964dc11306c328ef741aa82e62cacdcbc2b163152a0954bc3ca5771fe1ff94efc881ca3a57389ccd80dc832cc7e3de664587d5ec72b,0
806ef4653bcdda922f56fd9c960e536f10499e42386c862c0b68c197d6e235251a05797afe6cd869be3f7f517e31940e296c92fb637dc77a40a42d6dea282e0b,0
80a953f70ae775f235672b19972cff4347f59d1804b996810e23c7b9a55252fb0b4d461caf7bbf3e5c7d50340d8c50399fe432c60f6f8e3375709b8ae67f35c5,0
80b3cd953958feef2a4081821a15affb53dcf7cc6710bb491f22a8d5e7cb2c731926519b4badf8bdd5cba15d40bd19a7195f405ef18b854aaaa3b0133ce822ea,0
80e73bff3af103a3551cab0235779391e0fc6455ee9dd13a4ec28c46d65a95ce87656942280d6adecc0130ad41cb1eb2d8841e8d2decadd5491fae36be8e3811,0
80f3cf1cc4f9b0217cf1b7e51973950fe9c83b39a8f410b0543eb4d657b893bf021fc94ef9b743be89ebd118b8c088a218f8686c4184fe06b0410a7fc31a7ce3,0
8101a993f9176a4eb07d6a94da5e8309af9b30283b2dd9fa7f6ef087a7b3f0018ff7117bce7ad3a8a392d68c26fa59d30dbb191d0be9937d915396a2c2ec1c5a,0
816ecf9fc44e75c41a4f0dcfae3c210d01a6466570660756cd3e4f424fcc4a8589a7c50c8221f28d4a68010f9a168dd5230f840aff3897656c96f2f0c707b6f1,0
81abb079b92c3092afe949615329a4edf7c8915e2c855ef5c4072e65ddbb26ef0186cdeb3625d8f34ac26512106b6a5d185309313ca833c36d3fc6be3da8847f,0
81fb239c2a0fa5a42d5de0b83c5e609315e7c386c74a8a5acfbbfe42fde2833f5b6b572277a3429dc5467174bd8d52a9ef69795630011aef8ab9d44db5da3c2a,0
82b3fc3c9dfa885f25e736366183d42d404934dc28c9c9c4ed6d541d42f4bc568c4acdb3e5c7834ef80245bceb0313e1b755a6b3c7e0429df33341f78f0f135f,0
82bf97100b1bbf20d08971941354902b2a43e84cafc8e2e7f0f4cd3bf9efaf66f0c7db4d22abefa59fa6ad6b69b2313c22ac290c246b61b542eacd15fed97e5d,0
83df33639739b0b6d89c5a8b9576c643783b05151ee6fd299d1df43e6821871480e1bb8847e961e43f8bb250e491e11f2c2f48e8920606744d43b890a5391fc1,0
84557a018bd91e4b66077dea483ca2a71181222a0434ec05e0663c00443ffac5950a2c9e6ff440a98d6bde20b50cfc77742e42629ebd55e4578289d6ab46d538,0
849607cce585f3a26a2048cd80efc72913b3ab98794bb22229e851a0a26d151f386bbbc5ae52bbfc320258a8b93bc4071463f2c60ba1cc14fbaca04798296bf7,0
84b0778fe33035b1ac0f48c914052f4dd228400b1c9f07d08ed64a03acab35184f734634123b8e1bc7457fb999d6e3cb36976ea065af859c50765e9f61741d25,0
84c875e17de2c9d339182c7a6ca91ad975cd03f67b098aa437c8999ed0b727b3a9de475d78f7773472ed198b84821fca1cc4496ff43543025bb0a285ad62ee9f,0
859be6dc97ca0f87e1f010714e8af3386aaa146b5830775c2ff9fe971beee1fee0385b4153f0eb72cc769db0d90a66c5031e08b116020fa6c6b35584ede7cd02,0
859e143b767c0573528d7ed811c4e03cc9ab72292294a8cf9718a4302b33193b7d32b415ca6572279e7a66990fec0b590c883568a24ed70acb463265b5ea9e58,0
860d7d76ac82a4872aa097ce2931faaf977f8455cfcb0f7b9f9c00b44c9ec6d203223965ff5c1952850dc3b7886fc2162e1b4166d61b111a0cd5ff18a4c383fa,0
863671de968116d1777e66675509ef793529041bd2c9073f89a8c00af0c0f48a1f1f759dc0bea3bbdc7598c66b125d0c07c0b7bc484b37cf73a164ab7a58aa8d,0
871c6b5cff489024700079691c1efb6052b2b6aee9e7869362c86e58a7f0dc95611df2676e296da180e58aba0634397e0a284ce2d73166f5dfa18cf084b00443,0
8720972f2f5f7d795ee8c4a4e2b6f8a158628bd647859a7200d7190bd6e294ce8fa50ffb4283f08a063685059827876f1056646f49df29342f0d75d14f673cb9,0
876651ec078e9c4995ff493736e54e20c5dcf1af698e25c135b38b36938cf2794bbef53a5e1c609330cb0e8d8cb4128086d74d7dcc3e5e0905e2f0e3d954532f,0
87ddb8af811a245d0e4890c6e9c102feabdafbb8109afdf600b695b41943df87019bed608179d7b5278bcb72611a15ae1553b13094a39760ac3cf87d434213cb,0
880847e09acc6c0459b1cb0d431e6172bfc8af2cb3cc184ec180d3f24fbd8c9fff6ebda5724403c7194630881daa21ef6115e5f068ded38b772c89ab9995e102,0
880d1039656bcdbe5d4e9d4222dd59747109c02bfb9415576a2321f182651e8503225dd60f9c82586e916d1cdc250ab7406021314b42b97d7e1f2ef2f6af8ec2,0
8813dca143332f989a089a9f2b37f5c472196245d0a4487c7c36f81b13ce481ad1181fb85dc7e8b7c6906b61448cdba27d293d4afb25f2070e53a8cd5ad485dd,0
88eaff1d73767d1c6419103e66e562e2bd6b30a9bc8829525242d8b4b72ea2fdc7921ba2ee5398a6b8833875d540993e1b095d41a70209e19d893d6112c59334,0
88eeb2d98fea0a1769366b62957e4355c7b450ea737f4594d9b6900e78503b7dd00b64fb391a53fb415e80553499965c6fb7b0984530c26f672d5a1fa3d28abe,0
893589b9227208e0f9fa3e9eba63165d500dcc6df3adfe5644867f61ca4870b0a824db002e646d42eaaa9a9a9915d880d8c2a861a87163ed79dd04437b1a6d0c,0
8974690d73025845e2a0ab045096042f3f54edb6851e627ba5f7bc9f974345c339cad6efc8e8cbddbc607ebdaca52637da695fd9342da43df231e52512a2c36a,0
89b41741d523ee8161c281a3a62959ee3c4e0baaa33dc06b50e5e7f07738582f1158e8aeec12325db1b88cab828a9ef205a7c260dac5305634fed8fb266c52b5,0
8ab22d8d8efcf8eba856419ff7f52ebf6c8223d3eecdaf278b713282597e045ec5e53d82fced322fce76f78c2d877b752c6bf440d07b04c7f93a2a6c712fd7af,0
8b02e0904588fffcd4c6d285c67bdc02560876808df3a32048a49d56a9607cbdca999384d58948c5c51af2444f56ddb66e494a8b337a8bc90cbf24169482bce2,0
8b7212707778af4e2e69a4090a71f9cf220ddeb8f6fff30dceec9f66cfe66dcc533db5f111659e5f112dffa59f21f72354d1d2248ea6f502ddb96f8a9a76acef,0
8b87b5faa0aea8e250ed6dc2710ed752e441b64afdfaa3b611b6c8ab53e9110ca630eff72f45edd1c40159287957da23e8c89f58e123da262ea8871cb24f8e53,0
8d1fa499180d8f1a5a3b9468be268c5d8ef8019eb85e889910af35d1cfc027b4fc63c36dcb3b9f0638714ade5a09422c4e8dba9bfc3d94f2075955ea1bd997fa,0
8e0f84c3ded387e57fb10f88d4ceff9798341a3f10139ed4f2df9c1d5435213bedbcaf23fc9cf2d4c77aa6df7038d9f569394cb5bf340c646244e7c365d2ad11,0
8ed738589f3f7a3c95aa70b5aa3f85d84c0eceec6f7662a881e95903d85497d407d0b443ed8750d3f5da054f4c45c814f2af95687dc05e50b72c44375e39b8bd,0
8f3522e11b134bbc233d2706883083839006dadc8f88955c0b0cc3e86c97c2c47714a2d08e0e46ec4dae59ea5754b46af9fdf008da3a78a9a3f668ad23c5545f,0
8fe71b944a32348bb38d148f8921a3f596e18f5a6ad668d8ed9b0e193b87c68877ea5583c6b66c7c63f8c62ad4961b7d600ca132328353cf85029376cc83e532,0
90790fbc064b897aed6cc9a516624d798ce0aa5353de2afcb9ba115b4261a541a2269e2b6c2604cca5dc343c17ded258cfe9ede8d472f93f438b2f3102712f35,0
908e3ad0f8f043f8d6eb6fde0d69aecb3b734b17d0eb0b72a56d21006180e58d4f79ec01af7a0fc2fd8cb826e358ebc7e156ae2b5b4f737c30014fe954acdaac,0
90cafd2dda3ddf9b4172efca6ca9da401ffcb927ead1e913e8f19f4b7b7b04ac03b62dddd1bf6f3f1cb5893f77c2991b757c5c412e0885e20ea7aff296d86cf5,0
90dfb8171ad0413bf4dfdddf8b9b0788aa3a6be8eeeab3f3ae031b6e2af37ed4dd85895fa8284c80154515ec70db39dc0505d7a83314fc0dd8020f8482f7bdb7,0
9104e4252153c9e7745049a9d03e903ce7dec111abf580ebc8d1b8c1cbb14f575be738655df5585c78e0401c5087525e95046917a6522e8f4cfa24e95a34f720,0
916c51615ed8d8b9b888dbcecd1dd174ec7f52df09202521c7d3e0b2f4d499a9baa4d69fcd6d34a0d274ec4421595912541979be20fe7e1fc805a94d80e3ed1d,0
91dbe694abb873afa915401a907625c15e56d533d976e44849472a464946f6e4b07280a81bc22ce4d1368ed2c3dcced0ea351f1cb28b6a99c3dbbe0b6f5d8188,0
92b35d0f22f0e93ba3ab97c1c7ae556dc48326203d5c04b816e6453bbcf4f2ae8f5d5c4549714cf712263d595853746522f4e767bf8334b9ebbf32e40519a9e7,0
92f7ec873d94a21086f66ae7c53d554f3c6d5876a757f330806686036f9c0cb0f393dc36b330d08de3292a4a0799890ac4e8baf49da6cbd648f7a07ea85d9db3,0
9301bfe272c7994d3a2351adaa1a4b137bf22e71ac23e3862c4d4f0c64275d001792805d5a79faf1101144d60ffc56bdb287474f0416060f10584587bee16b16,0
93a42a75bb8746f0bebc70cc6470953469b986faa4b4a108d043089277039487993e83163f5fa2db7a4a9f256d3963c098d4f5847fdac2fb1d0e7278ec56a231,0
941741260f26b0f18d6d84ade0c350a6fe474c42d908e3738668438d28c7a9da814eef6f584a15343962334b0a1e30ecad15a61db01827a764764481f1109dc2,0
95187ad234ea4fca897a47034a51c3fb42ede6c307cc74170e4af262380a53d87b498a9e4a5acb3e1e9a593227ecefde799f27f63d78e1ba182372ae743aa500,0
95a145468d9be5ae71034312e953e33d26080a0744011a9140bad3a9a66c95a0750ad2f14b668a6a100ff044e807cca15c002e7e67e22ce1318f848c17440b93,0
95a52f74d7ff563fed1e3467c183cd57e167810c56af9dbd3c0e90091aaa726176a626760285265481c5397f22b13c89dd67d3f2bc0781daeea352095c64b910,0
95cc72fa28944085308809b1fc8e7c9c1f2afdb94baad48e69e44263e00f064e183421cb978ddd4b94206e14dcfe8ba9f3c7d6c8ef6cbca669f4ee92ee7b8f58,0
9609009146a9f5e29f695b112ed7a8bff090b173e0e846ec6d50e93bfc286c2b493945e3a3f83274272ec95d7422822cecdf1f2fcac5d48e08c9a04e9d4235c5,0
964b651154a19a1fb9be34a853d2263938d7d3cbcb8c498909224b4c2cc0e7b2c194f4bc941fd571e7d003f26f72d8026f17753591b3cde0c20ec15ef1ec5ebe,0
96733f274cf9bef0b8956254e85f0f8fb5db59c5191b7f0d7ffa40e018689f4cc2bf3e6da151364d5b2bff583b4178511b4e930c158bd0e839c42c0bd4cd892d,0
96d77bbdf3b75998a478098c26e65c33b4d5607c7c08a3d4e9076f8e41da6b47c20ff60295f40331e70813eff1ca4d6f58edc898551dcd8cb5a4e8b2fac8ca29,0
9750f8025064975802ef2dc42b2648013bd9873f1f7ac5b41c7157d7d9950e37ed8729a4f1be9e0b55bc7f8466811dc4b538be1209cff7f4a932ba22dddb0617,0
98bf172798dc21968473ac46e6231b777690566b772230343b863ce14318ce0e28a16f1d4075dede302f08809a8046ddc873145c8e95702632c3beb8ece248b0,0
998a98c10ed66ef64da1b8275f4c5e82e59d4184ee95e53938cfd91e3c5a2850c79a5877d1f4e47d71d51b84d8b6fee49b972a7e1b21bd39ce574720dce8c82b,0
999739dec27cac79418a765cbc77b9af28f48766ebbb641f149da2a8ca4993db58abe4a9e98928e0b77cd89533e69f560eca0e7f44352e360706b3b7d1af8c72,0
99b73bdad3be1fcc6d7d5f719dfeeda12023fa11d25b4845c4be9558911ab006bbcf1630adfc1d5a911560aebbb556dc2fff9786526771df0b1fa46bcb6be19a,0
99bd80ac3d97279d24ab5d319029b06e1edfec33fa12f792fa3b80d3277eaca5e643635355e217db1e53db8be6ad228b250e3f450ed393ecb613127d746f7914,0
99eb6869921203fe4fb06b559b62b5171ea1be54b75cef5d3f02567d4dc9a8cfb6b26303e339d79bb30b7b5d2ce7c34e8d4435baed3a4d6242d2666ada0f1ecf,0
9a3d6c18e45f7d9e2c6934610f7aad75c42b346044736587635f45c79a01753fbcbe805a51bd3699213e5bd27d43b084034fa1b86a75b7ee8359f881ed35ff6d,0
9a5a38473d61ce2ada73c3e52ceddd25dafa0c0849bf8d0496dee814be7105feef165de672b18d3c2d3c51be7422d8a3b857fe31746eda72aad584d4fcca8626,0
9a75b52004d40bbbc6cd1cffc81bb416b5986090e4d48383aa54fefb5655d92e82b29e0b26d748888466ab8a39592b5b1085627e582b458f4d5131459e360db4,0
9a7d82e7431bf3cd661d58ed6369fb747606aa7c146603522de529152949d637f37822668079654009186640eeb8fd68ce1182fecff000fc5ae5d8254cddc5f0,0
9aa4ae7430da1e3724101d7384fcbbf567dab00cf64e27e30f6c7f499c1b7fdba0d393284e3a7efe7c224d0508e92a1ccf76315a29727f2a59c74a90ccbef067,0
9adbe5fe2909a6ff4ad0ed803569057a13732385bfa99171d3f235aeefe57a235c05d8d780763cf1c57b18eb81460f666e512bda8f0058f551884a1f68f4087a,0
9af1d7df978f999176efee8c340cc9909bf3c1401f7ab967d8b4f66355f4c62ad5a9a077e86c94e34b9b5727130eec7df9815759a0de5afe0b11b37a5d83201d,0
9afd972d90e660c31e4b1da5995d97c007e2811d8ab135050d830b327c0dfea10f3584554953a9b99fc573c638f618020d5e94ef307e236457f7b0d0ba709e85,0
9b865253ea9d26829ca4ed99e6edb8f5aa517617e1fea165e1c0294f1eb478d94f0971ac424318376632a7e28c0700cc856da41227a8591daee8fbbf42f5a756,0
9be16c3f66876d589c35c89ee3224dc46e141866bfda063caec2a42c2899a2e8c0883fecc96eec857279c30e86828d3111f1f93888d38e33cd7bc4b59e580b59,0
9c21264a3826d556b442ffdbdd6affc91875e1c11d84b683c2d6760f5de17531d0c6dbc016044a00de54cf2ad5ac3ba9b127f6634e9fad7287b9a3255dd1ec06,0
9c843fa57055f2987a36cc2446f15bd90c425b2b20fe26081c908de0e2a15c44b975ffd5c96e5c4050222ff30c1c877e04762c24cef3b3cce830bc92051c575c,0
9c85ed6c16f55300727ad980982cfd3d4e55287597cdd898af457d04272f6330251890bca2b11a90c9656a1549bc5c2dbd83535879b00c5fa483eb3f1abc5e60,0
9ce7e7e8715c8fee4f9788fd1a180618c29ef80354e773fe764a65f09ae9359bfe665114d83328819d17aa319e913f5043ff2a8c7929ae8e9c602d1a30e2fd5e,0
9cf104b13ef16f804ab6ab1d82c7acd71ddae90ada5d0a68ccdb219b5413ad25a37dcfadd8719eb0cc8877a64b88866544b28fef6ce98ff3b84442c47146c337,0
9cfa494bf997f966e95c26d9b11884c4e759289786293f11579033684068d51dd0bb7c8a9d48e6a1eba3bd0be21716c5b246fd1ebc506cc8c3d87d8d113a2810,0
9d2a67012116fafb1db55635364676b7f8bd6730781b47b0bf5cc1d8b2b9a491186d7bf34ecd40a33d4f244d0cdc163ccbd350aabfb9340e33c3b08bc6bf6dc4,0
9ebaf870edc7e3831a96ae1eb70cdc1480b85583ee33a4d6c50f8fd996668c986b61adf7e8b51c8d60a20597e006eeffabab0af4426438f99ae717a42ada1f6b,0
9f6e21a876ac323ed46cac4be0b2b6f404c27bdcfec86c78bd165fb8c34bb112d8cf78213d78b623729c9c97fe2fd17d485187bf9b359294bf109cc613152c4a,0
9fb0b00d14b52b449ff2fdf496d11ef8a32aa9f148dbb68d531875b32809b4924ef2662a5a042c1fa869d9a07d896d8c35e5aa51afd72e2b86c7e8b3c9582988,0
9fd11014c2dc99ce47d07049549d4a746e534946593f7b90a13d6b1dde3d0232195053372e16d8a8d3d8f0eedc764731ee5e59b0f330221e0598b9b4213c239c,0
9fe05eaddb6a5ae1c00a32d2d3eef31636ac11cc0e84e581c085f34bf7a03ee64e4ecbb7e238fe08378c80dfa825031e99377290ef218d589d178b853c432766,0
a0439b71775230f3506420b09c7aea0c1b16ca5c82d68730b1c3cc91dea9024c7c153b29f82e5eba3361959d0b0ad3c9bec42c661d85d40fd4190df4bc6186b9,0
a0cd245811b8a708db2063995e8255d9b43164b0eee9c52047b63f25cf8964e2f5334bb36a6f208f26f57f3c2d510cfbed0e65f8aca4fd70223947a5e81c3438,0
a0f7f36d09f53280dcc7e2bdfbb6674fc1bd1f1fb166b676cd7bd18856e9b003b6aa488ac5a1e6b4c2add16b893752429b363e31bec963f0232ef57b50aa5619,0
a12d0858e246b6efdc131fb518fb0cb5006259204d5d2c1f3847f3b9e0eb6212d6a54d19a580d064f3ce878fd6cada9d721a8995f105e11ddbca99fe339bb478,0
a16df161da01b43fa64ccb22e9459eb8422a9925ccd7115dc179e3b7238f21b62c2a8f73e528ca075e06a34b842458d78ebb5136267465ee00bf514c2eff2e33,0
a1c789d3ff7e29fa2b8aea63c4b5ae27c3dc5c9bc91b3373d5374055a73d8396d04e977f3f3810cebb39aa097f5b8eac95460e9ecd897121813d453a85811b47,0
a1f5f2594b922b273ebf893e281ebccf99694a836e44b7ba40e8edb67b729ab24047a947d42f45d525ca3b70f5bf5f1f9e0bd65bb6bc1a5f977edae3adae0c91,0
a22ee5f6015969640f98dd9995d61c36f6aed44675d49a93d8ca866e6208dcba0609c26247b7ae5ce786c81ff4e462c9a3b41d73385e051c1c22b9d676b8252c,0
a2b9e8994a80e70956784c5614b950854b6c8da44924a2c3fc548341636d6d088b1ba17b52053aee4b17abe1d5b77cc6b33aa6943abf5eb71609d1c04e5cd2d4,0
a3aa8db03020e5f42c41900ba2245767978930072231e133334ffb435578d14095b9fbeb1346eb309a0c91736369114314413d2c08d0cbd24a56829db1c8040c,0
a3e14f2b9b9d8206f84ef1efeb62f760f34624f1f15d038fc13ee3714fc2447dfdd00c94259f3437d1d47aa93248c0f643af07c2eeace29c4fb6b81a14a8b6b7,0
a4b54a4b23e567f056e0bfe9fa37439bb9e0ed665ee46e5da36530c1f0ce7db41d5e439f6e3e63bb8ad2d36630d26b0daef927b4f1aaaf608c4cb796c67f7c65,0
a5513168fd857ad0846decd3a6c936eac5c4a83cb80cf90baa35824f7fc7c57c94e24a311012b9314535435a0fd82bc56d2c68e061c3b1a6751074041fe00e4f,0
a69beea07508b1ac68f3ef7370cdba0152bc1bddd955ca8afa094a6955d14e54e2bc28c7f5bdab467f9c53806b116dbcd00d283cde67d9fbe2948610e4b5af2c,0
a6e596387895963111a1a601213342a543218d46330d359f156aa338b709304f1ce6e0a754b040d6a4f4d2c0ccefb9c021e8f1e9c148f243c0f101879a0de2c7,0
a74fa3df2765524362571ec30fcf721e7bc752800d0270457fc27f75c02c95f6b3f23052328539b4eb999bcc3bcc69d02c44dfe01777f13a141b5cfc437b078c,0
a770e1c85030000d8d8ba5e78a742e901839ddcfe49565912f253c5d87f609852b8a5da23dfa57e535ddb8e08dd2db5580fadbccb02b85a31cc347c1a837e13e,0
a8824d292f5d7d44fe09fb9fee6b171383c2f2aadecea398374cf5f3792b6ee64b83441a4eefad7224318d633a990d3bcfb624110a02150edee8b8a078913806,0
a8d9ce055b078288bb6566a5b3cc722989ea98be0f3153bebde094f27148093e68cd952e8f22e967fe4f15ddba70e657558adb9312192f164216173addc19c35,0
a8ef6e33c9adec2aa3854dde56d016ebdc1127f6f570a2db002b07c803f040293ac96ea9617b066f8e0417f563c88bab056377d708b8558d5ff7a6f932441c16,0
a9a60a77f4bce4d59a685f714e1a215ebadc58ed9b7203e888df2b0ebc7c06ce77ac82c5785f0e3a3a79e0d40dfe5922038012edfc3fdaaccb46c8df25898761,0
a9ca85e24170c71f1ef6f11031cddeb54e701c0657ef67f85a3595d1d82be4d7b239d2ce43ff4e1bd2c16e14979cfa96409020f552ba710bbffe5d2f26912144,0
aa81f8edbd1664688db0fd8bc26a4d27ef9e518f62ed34bd52f7d0b3de159df9db2cae0ed655e6be74940ae747e6745c4abc65c2542b7947683df3f8b9d92ed5,0
ab26a1a11bad1933833c3d4bbfb72ef636ed648e5f1cecfa39f229fac721a24fe81d4e27e3de5f97f42321ecc3f2b8f760cbc04348fc6afa51db6e7da54444b9,0
ab286aba10f1e071730ce0f852bcf75d777ac9ced0c8aff855ae290e1f00fc3f0cc69f4839bdd736e248763ae45f8f951146b21049d72b2123cfa054310be408,0
abb1f30e1b4a8b11bf5026d29a002c31dd494674e71ced6e56e64b9eff70a14e7c0479c848ee3d8fdb8e042fecac3f2cf2c7e4a2f98e29a658a04cf72f86fbde,0
ac50946e03d7abaa0e4022b7b46e050ccad9ff379d11912a43f4dedc5fedcb476c98722d85b8c3ad4b4966e42bc22241c3bfe6896b45314c852ff747434f201b,0
ac6e899aaa6b53db945be822a5fe8cc2a67184a22243247daeab7dcfcd1512ddd224bff67baf072e81f6ceb1b7c93278e9d32f87eae6487c01d8be4a127947d0,0
acb3cc02687404bc981201bf18ef0617d6482d2c20250c767b3abd2ef52895b3a7863dab7fd1eb1eb5632bbb0ba8beea7e9ce04ee0b31ac2fe3d3c56e49537b7,0
accd480a5774873ee35fb29441ab030499234542c28832bca6caf43a3df7d482bdbb53995852143d0abe9e966fec1475549c9c42ae54bc747852c73155fda9eb,0
acf3a8de8f923033c61ebf5352c830e19586a30a3230f226bd002d160c97ee0298c8212168cf7076ef9ca6f0be7908fadf0f63a4109322d0716c037145daad12,0
ad12c90ccb921d053c5bf0cb6fa73ddf025f5a0d43b36a02035efcce1cbb4ea34a17938051b4a4bd3da07651ace37ac88b65e84e37d20bb2aa651e35b11ae0c8,0
ad139b54e2d9b575c3a823bd4ac25ff70d674cad0f547d2cdb20ff7ed0f2f9fc517f01b887fea43832637715b164c46cdbc7e1f6a3004f456fb0655bf8197f6d,0
adeb2b75babbef13e5db5bdaee193936ba4d59e594c591788c2695f1d5d7ea787a716022724c2ca69cb0eeda5a8e89d09d1d8f9f96f56c66d1300c75dd49f3f8,0
af11e64390aa4bc6ce32bdf8b7ac61dfbd76630c4f17fb93240a7b6f494f14bcf1c238cf102eb4ba97e9d5565b53ab2b073c4098e3466e890efab81c70621c35,0
af176a090f6890ecd7557310e248d73d3e237e7102d5e689579b6a186c58da852ae8515decad0e0eced8504fe0dd6b818a615c90c4034dc434a19cb003430d55,0
af41f958f9784cd0abb0d0e4ff065e33375671f218dd7b3f4f533a4d7be0266d6f813a300901f27c558dd75a1d77aef7ee18e2e223a61f7ec4c1511e23b39b2f,0
afc4399c61e08ce6c6cfe0cbdf0233f67bafe5c649906fba26c49f3db7c57e7508c5a62a6066122665814c396dc382cd10bb01c5ecb2d33d1a96daee3d27b260,0
afcc3666eb16476b8d537608cc9604bdbb851f35a5fe16cc096f92fd67eddf89384c9692bbde707424b0ae8084879a4308e55ee9ee3bbe3906208fcedd74e66e,0
b03daaff7bbfadf43cf06d2afe2729452cce00edb5d2ed4dd11c8c4e5b7079ea3bb3b8fee705182036f920121d8377b9940734c351a685c23e866e58c2d355e0,0
b08ffc4f4bda833fedd52362d51412a2ee5b19dd2f536fc482b0d6ce19eaed2f38012a6a1fdec3b847a2ebcdfea4f00bb6a1aeebb3378bc0ca1bf9918001798b,0
b0cf147c3cc2244f3293864f8aed59ca67d26f09445d073e9dbaa84581359bcb5aa37e2ce9e28bd567b987a1db6fb7224f1311cc1d87f34469cc5b12674dfff9,0
b0db8a3fc3a0377d7994e30a58c620339abe8e4b26064edd5886af95fc8afda2251287ede97b65c82e57bd822c06c696c98145b541b421626daef02e4332eaaf,0
b0f293f5799ca588e18c478647389d6a6fb67c6f6e35f3ca22c02f857d20d6efdd552403237d88f490bb4c3cf47e57bbab57eb7ee1e14e37aa7958d370b3e334,0
b0fa5a06b75e324a21896abaf249bb1f78e38bf267a3ebe47cc7df41549e8cfea0907bda8b54cdcf4042a998f99da87c2c8a9d24e11d985e265855cc7b3d9541,0
b148e4ad0d3604721f986d5e8db678770bb668c9014f0a6fd30df0a5d8e1921575e100d581a71851378182aa1d499a601c0ee057cae3074ae40af4b15e4f957e,0
b150bf5124625e14d8e922088e7ab07c7626f720e87ee4a1380b609b1b514cb4c94e5c6e3512a7141bb1378d0b45d071cc81700341b56821fc8d1182cb9639a7,0
b19627b2c9dbfcfe8fdc52bf0b73dc7717175ed8e3d53bdfaaa6e91e244e8102e4bb6035fe206405dccd1bcda8ddc67b62d70f366ce2bf275b473b61bcfb04d8,0
b1c93a980b830e0539ae75431d417c7851e3818ee41cffef75e79a62d7e838138365fb7f64609149e8c2f45290308715e2023a4a0d48d0ec51c64f128503030c,0
b21aacd448f3d590d431e0d1d0a0b0eb6a92d940bc43c307c590d0836df672fea38f0819a445aaaa9fa9480f8ac7eb01e250d8a3e6750b735e0913a22ebf8085,0
b2ba95b1d489c7d6af8c3495911f38a4651add0bf3b8779eea1e48100d292f786f421d36b7ae18ce677517f1b5827d53e9bab2ddb06eba281a787da08481fc33,0
b3c48c7a2f981b870691cc2634dfec516a0e523f8e50da69c525e53c41449b93af68dfe114559693c2cd8cac12d25d94a5747e0a478f1ffdf18b4513606e1c7b,0
b3e9717852c40511437cb6f08748832301361e38d59bcb4d60d66d41c48a7af3820ac50e91050b74cf24274c23b50226ac6ea828b042d2548339227d067b5413,0
b40ebe7573726399997ecf431d683598af0e341949ff04ef6b5969c408fc34030d0fbfa5768f11781dac94bb1db0bd869952c9c16166f8637dc4386ac1a012f7,0
b419491049148b9e3dee9c0c93b9ce0102b988c4913b6e852840b0d4050744bc964927b7cb710247bcf11c45243eec7786a63e881d598102a0b71aecbdbf04d8,0
b42722081e7b58107a706038f0dd7ca172559b38dbe9573e1716f9f746749e54c6340ee3b0f5de54e927d619889dd33442c25956f21998e57f29d6f5457ce329,0
b4a32ef32669e960ec1c1e5d29fccfaf50db3917c52d834b0065874f93f4fdcbda576e72d00d9f48291885f094c954139acb47ef60bebc67414666c3fe6a4458,0
b4a6bddc231aae48bb5c4258eea59582f70677210cec7317a5251f105c0969e640a853a58d06048080e15ec5c652986f6a7d7b9857fabced6d66c49da6011d79,0
b4d8a4f1bd26fae463f37b54e79efd57d658623d92d1923d38dd0366e0cc8b730b203fb5a945f1e7c6791ae402445055410018985d64011a48658215710f1d4e,0
b4e822eec1c0ea609bd08642a70d031d395321f31c4185a12c57ad5ef2e36d73688f86d788b9f0082665ca3838308a89b47b770f083902fd0b8c1c053f237f8d,0
b546e9fff5d1e58f5bf8aee67b0ef75752929516ea6f76e6b13261ad8d69a4d335e72b5fd11528c4eed671d1664926090b7ae89efce01fea0698d06c124095ad,0
b56934cfba35328ec4ef5a89a9572d7d77352698c8ac406c296947a7416e305c2619516acc878eba7f93afb0be61ed388f2e0cc1af1a59f217abd6e8b491e567,0
b5e9d8e19ce32482720d8e937597dfd8c2192af37a1d5e221f82b374545fcc1fb24d75de7220d43a6db08febef1c34dcd6cfbbaa2d98628f1d3ac4c28cf65ec7,0
b61591843114d86f8016a3ef0df335bf8aad89f99c0139ee12fbea6a0a59f6c923743b87b05a7a58c0c3083a1ca726776518f11decccbde796926015fc4094f5,0
b61b924360b43f58967c331b89b73c92b96f77b96812cade13d63f3864845d32c636952dda96362c362fa3f2967ad76e65f683f3a969be0c0d7c61745dca00f0,0
b64862b414115a0ad0eda4b87698a685e1f6e51436c415b29369fd6b3f9eafd2e620c44b4c4f91f7805d52130f559aab5174dc531e61d14288ca5c171751e45d,0
b6ad04f2e56b33c51fe80fc01af2c6ac6d99ace6297c8e4c66152ba406884c80227cad76918dc547a0c9bd465150c15830054abc370c8a0dd3ed0570e027e0dc,0
b6b7c94d56420dae5376c6057d7dcc1f34780e1f2ba91f983b05bf0b27a995d886b302794cac2dee15ac70a7c005d6317335a36abffccb8f10a5edfd8a9f94cd,0
b788799cef3a17b8ec15533eda88e966b8386d9ae99fa9912d86fd58ea131572b6e1fe2cf2262425e273cf11e9c765cfc536e88dd00964973631e01f8114df69,0
b78a2a4847eab0330171fb4fe7cbec476ee05df28d3dd8868467493120a05d32e108640dc7403b0ea184a59868b940e1e12f57e5cb999b3b797109f3b0cc9919,0
b79b5557be96e4c63599a15287dfe4649d02ca45b6de6e516444b0859baf79193b9e6e2b36b749d037825628e0807c613ca08393cb4c5819bf0f5457b5bdd592,0
b8684365c20c6ff18604bc9a89a4953a8255e586941b44ecb69193be017332c33938bd77b7ac6b55deabc20df07f6c7b3a7828d6c224d1360e8c423318dcdf5a,0
b8a5639c77188f3698bee23f0a9f311a6f7ec7d9e5df6ef329029d8826da3cfcffdafd1af9b29232495b061722778e3152e8e886be226ffbad797946247060bb,0
b8ce60ef14e9fbd980936b8aa3ee0dd45358e5c2619efb4d174dd14be9ae533300b18d3ee823ae51f7aad7104914f8380538c458dc58039eb35b4c115a99afdc,0
b94406fc0d7ab631c488a665c714a88938af002b68837df0fb10fb5b0e96f5fc78610d88c3c60db75ef53e96d44debfe34e911764300f9a75c4d7f2e9cc84afc,0
b9886736661e7e40f8227a47db6dabea8c0e315a141622787dcec259f57bbdb44f2bfd7e34f7af9e50993197714f46dcec72fdb0e0ff4aa5fa1e2c2abbf3ac1a,0
b9af25f7aa7d0ae64993c24c26dec901ae8edd2d109ac21d04e4e82eec38f5af797b99fc7f683e0cc4a3e24c4c54d28f1f7160f605c98055f86237ab0590031f,0
b9cdb660e3ab73fbeeed13b6064457b3b835c3f2908113fc35b0bd2b95d4c29bf59b653f63ebd0c4b66b41c7a7113973c3e301650a8454d83701c9ace36db20a,0
b9e1929ef3061db27d54f42b17d9415339b8033279080bca80bbc28858e968ebc50c4a90672d092afb8b29edb8fb34808741497876b402c9b08e1efa8eb54d8f,0
ba65b67ff8f31911700f02e44e994cb9211fb0a3b097c5fcf613e1ef9f55175d910e53c9c3806f4c7a6502b70af976dae40522c106bc1b4ebc05e7de51b1af7d,0
baad2c668d7c7856dd3814b97bda1106329480d8991ccdd72158fbc1b38525516062b62edbcb21627d7918fb8c4de497fccd1a8ef33989d5a71fbccb45a082c4,0
bacff4da1e8aada75b26f1cd11a0ce73cafbcdb125669f513cb9040e55a6c7e60288f71292ae44c4b1a63acd4688448be7077ed97d74425811d0dc1ef1096bb1,0
bb98b0bc4c40c307d7bbce0d892659c4a56dca33b562610ae098d779fc648ad45c2a910e961a92dd0c6188266f2488a8c061162ead0c0b842d462633d179b564,0
bbab3f8faca81072e2e4986fe65cc3223c89b6474d5d4634d7c33d8a7a3a3aa3683ec9a717255d5a4d09c6e707f4717635e8aa1c9f84b0d64c42108503996fc7,0
bbc0fa00877eaeda569321bdcc1dbb313b1b56ff2402672b5cdc73eb78229478152baa3c921489b8e2cd5c184e38aa8535de2b3fb0414596fc41974a1f32f18e,0
bc4f81694d79fc1dacd665a8cc95e82899f32c21ff57ddcce0049b1779fb523654f125555ed16b09a2712112039133803b6bfb89e47489d15ffaafbda4315465,0
bd9afcd085b9a0cdb7871e31cfee395a0bb7612067e6c6310897ea13e4aaef493e4c7aa70cd228b37fb4ca3b23a2a0c924e9ea20f224114b6bcf04466d8f1d53,0
